,m_address,m_coordinates,m_operating_mode,m_tariff_id,m_pole_id,m_meter_phase,m_id,m_serial,m_tariff.name,m_tariff.electricity_rate_type,m_tariff.block_rate,m_tariff.rate_amount.value,m_tariff.rate_amount.numerator,m_tariff.rate_amount.denominator,m_tariff.time_of_use,m_tariff.load_limit_type,m_tariff.load_limit.value,m_tariff.load_limit.unit,m_tariff.plan_type,m_tariff.low_balance_threshold.amount,m_tariff.low_balance_threshold.currency,m_tariff.inrush_current_protection_disabled,m_tariff.block_rate_cycle_reset_energy,m_tariff.last_block_rate_cycle_reset_at,m_tariff.daily_energy_limit,m_tariff.daily_energy_limit_unit,id
0,,,auto,0f0cc57f-8a31-4f5e-bbbd-ecf7c5f79201,,,5cace9f7-a188-4137-bef8-df456a65a26a,SMRSDRF-02-000880E2,Basic HH Tariff_Zone 1,flat_rate,,19.0000,ETB,kWh,"[{'start_time': '06:00', 'modifier': '100.0'}, {'start_time': '18:00', 'modifier': '127.0'}]",scheduled,"[{'start_time': '07:00', 'load_limit': 1500}, {'start_time': '21:00', 'load_limit': 2000}]",Watts,,0,ETB,False,,,,kWh,5e09426b-2e83-489a-b653-5dd2e5375601
1,,,auto,439df054-f98d-4132-98cc-d9503b59fe13,,,21d59418-3eb8-4e92-8908-0e69e3fe7190,SMRSDRF-02-000885D8,Basic HH Tariff_Zone 3,flat_rate,,19.0000,ETB,kWh,"[{'start_time': '06:00', 'modifier': '100.0'}, {'start_time': '18:00', 'modifier': '127.0'}]",scheduled,"[{'start_time': '07:00', 'load_limit': 1500}, {'start_time': '21:00', 'load_limit': 2000}]",Watts,,0,ETB,False,,,,kWh,17113c62-c287-4f24-8f2a-94adea2bd697
2,,,auto,0f0cc57f-8a31-4f5e-bbbd-ecf7c5f79201,,,77f6027d-8bd8-4836-b6cd-b918c6f5a3b4,SMRSDRF-02-00088394,Basic HH Tariff_Zone 1,flat_rate,,19.0000,ETB,kWh,"[{'start_time': '06:00', 'modifier': '100.0'}, {'start_time': '18:00', 'modifier': '127.0'}]",scheduled,"[{'start_time': '07:00', 'load_limit': 1500}, {'start_time': '21:00', 'load_limit': 2000}]",Watts,,0,ETB,False,,,,kWh,acb87ab6-8dfc-4f8b-99a4-68745dd96d5c
3,,,auto,0f0cc57f-8a31-4f5e-bbbd-ecf7c5f79201,,,ce6072a5-90ed-4c1f-81ac-b89b52e64f35,SMRSDRF-02-00088596,Basic HH Tariff_Zone 1,flat_rate,,19.0000,ETB,kWh,"[{'start_time': '06:00', 'modifier': '100.0'}, {'start_time': '18:00', 'modifier': '127.0'}]",scheduled,"[{'start_time': '07:00', 'load_limit': 1500}, {'start_time': '21:00', 'load_limit': 2000}]",Watts,,0,ETB,False,,,,kWh,f6b0519b-41e3-4c9e-8ad4-ffc9fb424e68
4,,,auto,81ec6fa4-ad87-4f3e-b1c5-0fcb607319c0,,,b8bc89d6-7f76-4794-9d2d-33156a3790ac,SMRSDRF-02-00087EEE,Small Business Tariff_Zone 2,flat_rate,,19.0000,ETB,kWh,"[{'start_time': '06:00', 'modifier': '100.0'}, {'start_time': '18:00', 'modifier': '127.0'}]",flat,13000,Watts,,0,ETB,False,,,,kWh,aaadd517-231e-426b-b36b-121f2b0d42ec
5,,,auto,77555148-67e8-4e04-85af-6741e6b0754d,,,d176caf1-6877-4aaa-a99d-87a09edf7ec0,SMRSDRF-02-00088247,Basic HH Tariff_Zone 2,flat_rate,,19.0000,ETB,kWh,"[{'start_time': '06:00', 'modifier': '100.0'}, {'start_time': '18:00', 'modifier': '127.0'}]",scheduled,"[{'start_time': '07:00', 'load_limit': 1500}, {'start_time': '21:00', 'load_limit': 2000}]",Watts,,0,ETB,False,,,,kWh,25859f4b-8624-4a3e-9112-5c2cf7a615ba
6,,,auto,0f0cc57f-8a31-4f5e-bbbd-ecf7c5f79201,,,7a158e6c-0408-456e-96da-3badd454c088,SMRSDRF-02-00088385,Basic HH Tariff_Zone 1,flat_rate,,19.0000,ETB,kWh,"[{'start_time': '06:00', 'modifier': '100.0'}, {'start_time': '18:00', 'modifier': '127.0'}]",scheduled,"[{'start_time': '07:00', 'load_limit': 1500}, {'start_time': '21:00', 'load_limit': 2000}]",Watts,,0,ETB,False,,,,kWh,e6319d99-4957-4568-82b2-e4e5c90cb182
7,,,auto,0f0cc57f-8a31-4f5e-bbbd-ecf7c5f79201,,,c56846a4-0e7e-480e-a5c5-234420b0929b,SMRSDRF-02-0008838A,Basic HH Tariff_Zone 1,flat_rate,,19.0000,ETB,kWh,"[{'start_time': '06:00', 'modifier': '100.0'}, {'start_time': '18:00', 'modifier': '127.0'}]",scheduled,"[{'start_time': '07:00', 'load_limit': 1500}, {'start_time': '21:00', 'load_limit': 2000}]",Watts,,0,ETB,False,,,,kWh,c82155d0-f935-47b4-9750-5618d88185ef
8,,,auto,77555148-67e8-4e04-85af-6741e6b0754d,,,b619f2e9-5ac8-41a2-930b-47a7935863f3,SMRSDRF-02-00088217,Basic HH Tariff_Zone 2,flat_rate,,19.0000,ETB,kWh,"[{'start_time': '06:00', 'modifier': '100.0'}, {'start_time': '18:00', 'modifier': '127.0'}]",scheduled,"[{'start_time': '07:00', 'load_limit': 1500}, {'start_time': '21:00', 'load_limit': 2000}]",Watts,,0,ETB,False,,,,kWh,9dda86fb-2b60-4b9a-b6c3-fe32f0dbf174
9,,,auto,439df054-f98d-4132-98cc-d9503b59fe13,,,a7e266ac-b82a-4ff2-9715-0f28ffc4f1d7,SMRSDRF-02-0008837E,Basic HH Tariff_Zone 3,flat_rate,,19.0000,ETB,kWh,"[{'start_time': '06:00', 'modifier': '100.0'}, {'start_time': '18:00', 'modifier': '127.0'}]",scheduled,"[{'start_time': '07:00', 'load_limit': 1500}, {'start_time': '21:00', 'load_limit': 2000}]",Watts,,0,ETB,False,,,,kWh,117c2ed8-5d93-498d-a539-28c6fb3d6ebf
10,,,auto,439df054-f98d-4132-98cc-d9503b59fe13,,,ca5af53a-5b4d-45f8-8345-736eeb636729,SMRSDRF-02-00088218,Basic HH Tariff_Zone 3,flat_rate,,19.0000,ETB,kWh,"[{'start_time': '06:00', 'modifier': '100.0'}, {'start_time': '18:00', 'modifier': '127.0'}]",scheduled,"[{'start_time': '07:00', 'load_limit': 1500}, {'start_time': '21:00', 'load_limit': 2000}]",Watts,,0,ETB,False,,,,kWh,e0e1427a-d62b-4dcc-ba7f-3eb5b0754c0d
11,,,auto,439df054-f98d-4132-98cc-d9503b59fe13,,,1a875677-5e0d-4cdb-b57b-19c7e9013309,SMRSDRF-02-00088241,Basic HH Tariff_Zone 3,flat_rate,,19.0000,ETB,kWh,"[{'start_time': '06:00', 'modifier': '100.0'}, {'start_time': '18:00', 'modifier': '127.0'}]",scheduled,"[{'start_time': '07:00', 'load_limit': 1500}, {'start_time': '21:00', 'load_limit': 2000}]",Watts,,0,ETB,False,,,,kWh,f9e7e594-f739-4313-a2be-5eebffcd5ea7
12,,,auto,77555148-67e8-4e04-85af-6741e6b0754d,,,f9ba4b52-3ee6-4c18-9b79-468f98870617,SMRSDRF-02-0008837B,Basic HH Tariff_Zone 2,flat_rate,,19.0000,ETB,kWh,"[{'start_time': '06:00', 'modifier': '100.0'}, {'start_time': '18:00', 'modifier': '127.0'}]",scheduled,"[{'start_time': '07:00', 'load_limit': 1500}, {'start_time': '21:00', 'load_limit': 2000}]",Watts,,0,ETB,False,,,,kWh,9a087e82-543b-491d-870c-f7e3530e2f1d
13,,,auto,0f0cc57f-8a31-4f5e-bbbd-ecf7c5f79201,,,7ee4ce64-f621-4196-bfc5-ddcc7a27df01,SMRSDRF-02-00088388,Basic HH Tariff_Zone 1,flat_rate,,19.0000,ETB,kWh,"[{'start_time': '06:00', 'modifier': '100.0'}, {'start_time': '18:00', 'modifier': '127.0'}]",scheduled,"[{'start_time': '07:00', 'load_limit': 1500}, {'start_time': '21:00', 'load_limit': 2000}]",Watts,,0,ETB,False,,,,kWh,9f7a2b4f-97a3-41a3-9b2a-4f65fa0983c2
14,,,auto,0f0cc57f-8a31-4f5e-bbbd-ecf7c5f79201,,,1539495d-7f40-48ff-a76e-f52ff515f1a3,SMRSDRF-02-00088378,Basic HH Tariff_Zone 1,flat_rate,,19.0000,ETB,kWh,"[{'start_time': '06:00', 'modifier': '100.0'}, {'start_time': '18:00', 'modifier': '127.0'}]",scheduled,"[{'start_time': '07:00', 'load_limit': 1500}, {'start_time': '21:00', 'load_limit': 2000}]",Watts,,0,ETB,False,,,,kWh,8d88c978-2504-4e1c-ab3b-db79ecc17e9c
15,,,auto,0f0cc57f-8a31-4f5e-bbbd-ecf7c5f79201,,,8da1f983-32a6-476e-9ff9-375e6355f1e3,SMRSDRF-02-00088380,Basic HH Tariff_Zone 1,flat_rate,,19.0000,ETB,kWh,"[{'start_time': '06:00', 'modifier': '100.0'}, {'start_time': '18:00', 'modifier': '127.0'}]",scheduled,"[{'start_time': '07:00', 'load_limit': 1500}, {'start_time': '21:00', 'load_limit': 2000}]",Watts,,0,ETB,False,,,,kWh,bc706a04-5b26-4deb-a37c-0b75ef676da4
16,,,auto,0f0cc57f-8a31-4f5e-bbbd-ecf7c5f79201,,,3eec3567-d989-4c0e-8514-3b7896afc95f,SMRSDRF-02-0008837D,Basic HH Tariff_Zone 1,flat_rate,,19.0000,ETB,kWh,"[{'start_time': '06:00', 'modifier': '100.0'}, {'start_time': '18:00', 'modifier': '127.0'}]",scheduled,"[{'start_time': '07:00', 'load_limit': 1500}, {'start_time': '21:00', 'load_limit': 2000}]",Watts,,0,ETB,False,,,,kWh,1c51d4ec-3ba0-41ac-95e7-eb46173b7b1b
17,,,auto,0f0cc57f-8a31-4f5e-bbbd-ecf7c5f79201,,,0537f9b9-3dae-46e1-a6c8-2d4524a1647f,SMRSDRF-02-0008837C,Basic HH Tariff_Zone 1,flat_rate,,19.0000,ETB,kWh,"[{'start_time': '06:00', 'modifier': '100.0'}, {'start_time': '18:00', 'modifier': '127.0'}]",scheduled,"[{'start_time': '07:00', 'load_limit': 1500}, {'start_time': '21:00', 'load_limit': 2000}]",Watts,,0,ETB,False,,,,kWh,7fda003a-6271-4fb6-8249-b60dfdc8b02b
18,,,auto,0f0cc57f-8a31-4f5e-bbbd-ecf7c5f79201,,,7f731f45-6514-40a0-8d6c-f6d5bf4f0e69,SMRSDRF-02-00088387,Basic HH Tariff_Zone 1,flat_rate,,19.0000,ETB,kWh,"[{'start_time': '06:00', 'modifier': '100.0'}, {'start_time': '18:00', 'modifier': '127.0'}]",scheduled,"[{'start_time': '07:00', 'load_limit': 1500}, {'start_time': '21:00', 'load_limit': 2000}]",Watts,,0,ETB,False,,,,kWh,e93f07c6-cae7-43a1-b28b-17261f9da523
19,,,on,12e3f4ff-dea0-474c-8eff-c0779eaa9c6d,,ABC,38d3ccec-8846-4780-9a0e-d28839f371a4,SMRPIRF-02-00088EBF,Special Customers Zone 1,flat_rate,,19.0000,ETB,kWh,"[{'start_time': '06:00', 'modifier': '100.0'}, {'start_time': '18:00', 'modifier': '127.0'}]",flat,10000,Watts,,0,ETB,False,,,,kWh,dc380e44-bd78-4c01-82ae-00556d0c7ae1
20,,,auto,24a6c8c7-8309-49fe-a13c-78af86c10065,,,51ed0861-ef79-44c2-9fa9-850667aa90dd,SMRSDRF-02-000882E2,Sheder Host Community,flat_rate,,19.0000,ETB,kWh,"[{'start_time': '06:00', 'modifier': '100.0'}, {'start_time': '18:00', 'modifier': '127.0'}]",flat,13000,Watts,,0,ETB,False,,,,kWh,f5b6a726-77d2-40af-9b59-5169ba89914d
21,,,auto,24a6c8c7-8309-49fe-a13c-78af86c10065,,,178f6ce9-fb5e-4704-8d7b-abcec60bbd85,SMRSDRF-02-00088354,Sheder Host Community,flat_rate,,19.0000,ETB,kWh,"[{'start_time': '06:00', 'modifier': '100.0'}, {'start_time': '18:00', 'modifier': '127.0'}]",flat,13000,Watts,,0,ETB,False,,,,kWh,f17c631d-c70b-4d79-ac44-3fda0cd9706b
22,,,auto,24a6c8c7-8309-49fe-a13c-78af86c10065,,,c18f0ee0-9a65-42b4-879c-0ddf88dc6bae,SMRSDRF-02-0008818B,Sheder Host Community,flat_rate,,19.0000,ETB,kWh,"[{'start_time': '06:00', 'modifier': '100.0'}, {'start_time': '18:00', 'modifier': '127.0'}]",flat,13000,Watts,,0,ETB,False,,,,kWh,e77570fd-8f8c-4763-bbb2-24f2d0659dbb
23,,,auto,0f0cc57f-8a31-4f5e-bbbd-ecf7c5f79201,,,a37d7bbf-0969-4b48-bcbf-3643fa04659a,SMRSDRF-02-00088389,Basic HH Tariff_Zone 1,flat_rate,,19.0000,ETB,kWh,"[{'start_time': '06:00', 'modifier': '100.0'}, {'start_time': '18:00', 'modifier': '127.0'}]",scheduled,"[{'start_time': '07:00', 'load_limit': 1500}, {'start_time': '21:00', 'load_limit': 2000}]",Watts,,0,ETB,False,,,,kWh,7d73f576-69be-4ba6-9492-73f35b11326a
24,,,auto,81ec6fa4-ad87-4f3e-b1c5-0fcb607319c0,,,9bc5df75-aa86-4c97-9765-57af08617c97,SMRSDRF-02-00088042,Small Business Tariff_Zone 2,flat_rate,,19.0000,ETB,kWh,"[{'start_time': '06:00', 'modifier': '100.0'}, {'start_time': '18:00', 'modifier': '127.0'}]",flat,13000,Watts,,0,ETB,False,,,,kWh,e9846d02-66a2-46c2-9a16-f8c20660f33c
25,,,auto,0f0cc57f-8a31-4f5e-bbbd-ecf7c5f79201,,,36bf8bbb-587d-4e0e-a8f2-1e58af4574a2,SMRSDRF-02-0008812E,Basic HH Tariff_Zone 1,flat_rate,,19.0000,ETB,kWh,"[{'start_time': '06:00', 'modifier': '100.0'}, {'start_time': '18:00', 'modifier': '127.0'}]",scheduled,"[{'start_time': '07:00', 'load_limit': 1500}, {'start_time': '21:00', 'load_limit': 2000}]",Watts,,0,ETB,False,,,,kWh,178136b5-1f37-4c01-9995-c6365813a072
26,,,auto,81ec6fa4-ad87-4f3e-b1c5-0fcb607319c0,,,18a63c78-c9b8-4bf9-bbda-69d94329022c,SMRSDRF-02-00088193,Small Business Tariff_Zone 2,flat_rate,,19.0000,ETB,kWh,"[{'start_time': '06:00', 'modifier': '100.0'}, {'start_time': '18:00', 'modifier': '127.0'}]",flat,13000,Watts,,0,ETB,False,,,,kWh,492afb82-3303-46f0-8ede-fce0c52dec93
27,,,auto,81ec6fa4-ad87-4f3e-b1c5-0fcb607319c0,,,bc005001-edce-4b17-892b-38960b2dada3,SMRSDRF-02-0008818C,Small Business Tariff_Zone 2,flat_rate,,19.0000,ETB,kWh,"[{'start_time': '06:00', 'modifier': '100.0'}, {'start_time': '18:00', 'modifier': '127.0'}]",flat,13000,Watts,,0,ETB,False,,,,kWh,26d6da41-1953-4976-a78b-f8b4a074174c
28,,,auto,0f0cc57f-8a31-4f5e-bbbd-ecf7c5f79201,,,8e412e6a-8d5e-4b62-9b9b-b98dce586a9f,SMRSDRF-02-00088189,Basic HH Tariff_Zone 1,flat_rate,,19.0000,ETB,kWh,"[{'start_time': '06:00', 'modifier': '100.0'}, {'start_time': '18:00', 'modifier': '127.0'}]",scheduled,"[{'start_time': '07:00', 'load_limit': 1500}, {'start_time': '21:00', 'load_limit': 2000}]",Watts,,0,ETB,False,,,,kWh,f9e08ede-f0ae-4381-9682-09ff6df79800
29,,,auto,439df054-f98d-4132-98cc-d9503b59fe13,,,d40d7033-d1b6-4350-b2e3-6385a03dadc9,SMRSDRF-02-00088192,Basic HH Tariff_Zone 3,flat_rate,,19.0000,ETB,kWh,"[{'start_time': '06:00', 'modifier': '100.0'}, {'start_time': '18:00', 'modifier': '127.0'}]",scheduled,"[{'start_time': '07:00', 'load_limit': 1500}, {'start_time': '21:00', 'load_limit': 2000}]",Watts,,0,ETB,False,,,,kWh,ceaa2272-73f0-46e8-b71d-0e6a96215cdb
30,,,auto,77555148-67e8-4e04-85af-6741e6b0754d,,,3093877e-ee41-49ce-8ac3-84a9e63165c5,SMRSDRF-02-00088194,Basic HH Tariff_Zone 2,flat_rate,,19.0000,ETB,kWh,"[{'start_time': '06:00', 'modifier': '100.0'}, {'start_time': '18:00', 'modifier': '127.0'}]",scheduled,"[{'start_time': '07:00', 'load_limit': 1500}, {'start_time': '21:00', 'load_limit': 2000}]",Watts,,0,ETB,False,,,,kWh,2c5761f4-dba7-45a7-a7fb-6cd1f5888330
31,,,auto,77555148-67e8-4e04-85af-6741e6b0754d,,,5959a961-4e9a-4828-ae6c-7f7ad6722c69,SMRSDRF-02-0008818D,Basic HH Tariff_Zone 2,flat_rate,,19.0000,ETB,kWh,"[{'start_time': '06:00', 'modifier': '100.0'}, {'start_time': '18:00', 'modifier': '127.0'}]",scheduled,"[{'start_time': '07:00', 'load_limit': 1500}, {'start_time': '21:00', 'load_limit': 2000}]",Watts,,0,ETB,False,,,,kWh,5fa10641-188f-4011-ad9c-03d0c190b371
32,,,auto,77555148-67e8-4e04-85af-6741e6b0754d,,,188cc742-8a74-446e-876e-ab5f4facc304,SMRSDRF-02-00088169,Basic HH Tariff_Zone 2,flat_rate,,19.0000,ETB,kWh,"[{'start_time': '06:00', 'modifier': '100.0'}, {'start_time': '18:00', 'modifier': '127.0'}]",scheduled,"[{'start_time': '07:00', 'load_limit': 1500}, {'start_time': '21:00', 'load_limit': 2000}]",Watts,,0,ETB,False,,,,kWh,58b5b221-fbac-4d08-a271-f39dea7a6b93
33,,,auto,439df054-f98d-4132-98cc-d9503b59fe13,,,256436d9-68ef-48c8-a292-a55848fcdf41,SMRSDRF-02-000880FC,Basic HH Tariff_Zone 3,flat_rate,,19.0000,ETB,kWh,"[{'start_time': '06:00', 'modifier': '100.0'}, {'start_time': '18:00', 'modifier': '127.0'}]",scheduled,"[{'start_time': '07:00', 'load_limit': 1500}, {'start_time': '21:00', 'load_limit': 2000}]",Watts,,0,ETB,False,,,,kWh,245cf750-a97d-4cb6-a6ea-47d8a0211ac9
34,,,off,439df054-f98d-4132-98cc-d9503b59fe13,,,ea86b6c4-1c04-47a3-a98a-46b6dc831c25,SMRSDRF-02-00088165,Basic HH Tariff_Zone 3,flat_rate,,19.0000,ETB,kWh,"[{'start_time': '06:00', 'modifier': '100.0'}, {'start_time': '18:00', 'modifier': '127.0'}]",scheduled,"[{'start_time': '07:00', 'load_limit': 1500}, {'start_time': '21:00', 'load_limit': 2000}]",Watts,,0,ETB,False,,,,kWh,63a0eb7e-cbbb-4448-b3a4-ca3a67265e47
35,,,auto,439df054-f98d-4132-98cc-d9503b59fe13,,,8fcef276-f13f-4151-8d94-51b28d726c2b,SMRSDRF-02-0008818A,Basic HH Tariff_Zone 3,flat_rate,,19.0000,ETB,kWh,"[{'start_time': '06:00', 'modifier': '100.0'}, {'start_time': '18:00', 'modifier': '127.0'}]",scheduled,"[{'start_time': '07:00', 'load_limit': 1500}, {'start_time': '21:00', 'load_limit': 2000}]",Watts,,0,ETB,False,,,,kWh,294be826-9615-48f2-bf4e-80447a27b51c
36,,,auto,01a2e0be-7a4c-4630-b1a9-441723992da3,,,bab67da0-f672-416e-8ce3-43307b5bdc44,SMRSDRF-02-00088186,Small Business Tariff_Zone 3,flat_rate,,19.0000,ETB,kWh,"[{'start_time': '06:00', 'modifier': '100.0'}, {'start_time': '18:00', 'modifier': '127.0'}]",flat,10000,Watts,,0,ETB,False,,,,kWh,27cd02a6-55e9-4aae-94cf-c192cc2d9c9c
37,,,auto,0f0cc57f-8a31-4f5e-bbbd-ecf7c5f79201,,,8226ed61-31f2-41f7-b8c4-62058eac7204,SMRSDRF-02-0008819B,Basic HH Tariff_Zone 1,flat_rate,,19.0000,ETB,kWh,"[{'start_time': '06:00', 'modifier': '100.0'}, {'start_time': '18:00', 'modifier': '127.0'}]",scheduled,"[{'start_time': '07:00', 'load_limit': 1500}, {'start_time': '21:00', 'load_limit': 2000}]",Watts,,0,ETB,False,,,,kWh,8040cea6-18da-46aa-8c4e-7e2788c4597a
38,,,auto,0f0cc57f-8a31-4f5e-bbbd-ecf7c5f79201,,,dc4f1fa7-59f4-4ec5-9a71-7f9cc210b5c9,SMRSDRF-02-00088164,Basic HH Tariff_Zone 1,flat_rate,,19.0000,ETB,kWh,"[{'start_time': '06:00', 'modifier': '100.0'}, {'start_time': '18:00', 'modifier': '127.0'}]",scheduled,"[{'start_time': '07:00', 'load_limit': 1500}, {'start_time': '21:00', 'load_limit': 2000}]",Watts,,0,ETB,False,,,,kWh,d78cb4ff-da04-448c-9889-7111c84e926c
39,,,auto,0f0cc57f-8a31-4f5e-bbbd-ecf7c5f79201,,,d4b3a962-6b67-4d86-b776-fb60439d8530,SMRSDRF-02-00088167,Basic HH Tariff_Zone 1,flat_rate,,19.0000,ETB,kWh,"[{'start_time': '06:00', 'modifier': '100.0'}, {'start_time': '18:00', 'modifier': '127.0'}]",scheduled,"[{'start_time': '07:00', 'load_limit': 1500}, {'start_time': '21:00', 'load_limit': 2000}]",Watts,,0,ETB,False,,,,kWh,ab91bb06-9885-4371-9a62-fa8106a417f6
40,,,auto,77555148-67e8-4e04-85af-6741e6b0754d,,,cec89159-3325-4f79-a935-b38325106d5a,SMRSDRF-02-0008847B,Basic HH Tariff_Zone 2,flat_rate,,19.0000,ETB,kWh,"[{'start_time': '06:00', 'modifier': '100.0'}, {'start_time': '18:00', 'modifier': '127.0'}]",scheduled,"[{'start_time': '07:00', 'load_limit': 1500}, {'start_time': '21:00', 'load_limit': 2000}]",Watts,,0,ETB,False,,,,kWh,a3115159-6339-4433-acc8-cdcd0024befd
41,,,auto,77555148-67e8-4e04-85af-6741e6b0754d,,,59070c9a-c3ed-41bc-82fd-67b7b1f88829,SMRSDRF-02-00088476,Basic HH Tariff_Zone 2,flat_rate,,19.0000,ETB,kWh,"[{'start_time': '06:00', 'modifier': '100.0'}, {'start_time': '18:00', 'modifier': '127.0'}]",scheduled,"[{'start_time': '07:00', 'load_limit': 1500}, {'start_time': '21:00', 'load_limit': 2000}]",Watts,,0,ETB,False,,,,kWh,1453ea90-267a-4333-b4ec-9ac27c9af7d7
42,,,auto,0f0cc57f-8a31-4f5e-bbbd-ecf7c5f79201,,,fd2af14e-426e-4caf-b532-cb221879fc28,SMRSDRF-02-0008847C,Basic HH Tariff_Zone 1,flat_rate,,19.0000,ETB,kWh,"[{'start_time': '06:00', 'modifier': '100.0'}, {'start_time': '18:00', 'modifier': '127.0'}]",scheduled,"[{'start_time': '07:00', 'load_limit': 1500}, {'start_time': '21:00', 'load_limit': 2000}]",Watts,,0,ETB,False,,,,kWh,c6f96637-0ad4-49b5-b16a-0d643eafd3f1
43,,,auto,0f0cc57f-8a31-4f5e-bbbd-ecf7c5f79201,,,b0e07eb0-cc39-463a-a687-69ae957ae28f,SMRSDRF-02-0008812D,Basic HH Tariff_Zone 1,flat_rate,,19.0000,ETB,kWh,"[{'start_time': '06:00', 'modifier': '100.0'}, {'start_time': '18:00', 'modifier': '127.0'}]",scheduled,"[{'start_time': '07:00', 'load_limit': 1500}, {'start_time': '21:00', 'load_limit': 2000}]",Watts,,0,ETB,False,,,,kWh,853fedf0-4403-4f15-a003-c3519bc3b383
44,,,auto,81ec6fa4-ad87-4f3e-b1c5-0fcb607319c0,,,a92a557a-46f5-4531-8d5d-4f515e02b4f9,SMRSDRF-02-0008847A,Small Business Tariff_Zone 2,flat_rate,,19.0000,ETB,kWh,"[{'start_time': '06:00', 'modifier': '100.0'}, {'start_time': '18:00', 'modifier': '127.0'}]",flat,13000,Watts,,0,ETB,False,,,,kWh,c7c0b64d-24c7-4e24-898f-9e04446d6f40
45,,,auto,81ec6fa4-ad87-4f3e-b1c5-0fcb607319c0,,,5695ebbb-450d-4a2c-b7af-a1493683aefe,SMRSDRF-02-00088474,Small Business Tariff_Zone 2,flat_rate,,19.0000,ETB,kWh,"[{'start_time': '06:00', 'modifier': '100.0'}, {'start_time': '18:00', 'modifier': '127.0'}]",flat,13000,Watts,,0,ETB,False,,,,kWh,d197e1b3-e008-4055-ace5-57c65cc2e543
46,,,auto,0f0cc57f-8a31-4f5e-bbbd-ecf7c5f79201,,,620aa2f5-3bb9-4ed0-8291-31f53304cf5d,SMRSDRF-02-0008847E,Basic HH Tariff_Zone 1,flat_rate,,19.0000,ETB,kWh,"[{'start_time': '06:00', 'modifier': '100.0'}, {'start_time': '18:00', 'modifier': '127.0'}]",scheduled,"[{'start_time': '07:00', 'load_limit': 1500}, {'start_time': '21:00', 'load_limit': 2000}]",Watts,,0,ETB,False,,,,kWh,8e9ccfd8-a7c5-4ff8-87c2-ced220377b49
47,,,auto,77555148-67e8-4e04-85af-6741e6b0754d,,,8a5238cc-427b-43f4-abbf-b8282dedd936,SMRSDRF-02-000883EB,Basic HH Tariff_Zone 2,flat_rate,,19.0000,ETB,kWh,"[{'start_time': '06:00', 'modifier': '100.0'}, {'start_time': '18:00', 'modifier': '127.0'}]",scheduled,"[{'start_time': '07:00', 'load_limit': 1500}, {'start_time': '21:00', 'load_limit': 2000}]",Watts,,0,ETB,False,,,,kWh,f61422bc-732f-4791-a12f-2dbcb93780cf
48,,,auto,77555148-67e8-4e04-85af-6741e6b0754d,,,23ebfca9-e3d8-4b5a-b2e5-b17ca9ca2d09,SMRSDRF-02-00088473,Basic HH Tariff_Zone 2,flat_rate,,19.0000,ETB,kWh,"[{'start_time': '06:00', 'modifier': '100.0'}, {'start_time': '18:00', 'modifier': '127.0'}]",scheduled,"[{'start_time': '07:00', 'load_limit': 1500}, {'start_time': '21:00', 'load_limit': 2000}]",Watts,,0,ETB,False,,,,kWh,ef6a581f-3a96-4003-be27-156d19f57ec2
49,,,auto,77555148-67e8-4e04-85af-6741e6b0754d,,,03ba09c7-dbeb-499b-aca9-503cf8ea38ea,SMRSDRF-02-00088487,Basic HH Tariff_Zone 2,flat_rate,,19.0000,ETB,kWh,"[{'start_time': '06:00', 'modifier': '100.0'}, {'start_time': '18:00', 'modifier': '127.0'}]",scheduled,"[{'start_time': '07:00', 'load_limit': 1500}, {'start_time': '21:00', 'load_limit': 2000}]",Watts,,0,ETB,False,,,,kWh,3a38d54f-4d4b-4fa3-b363-cae1c11fde25
50,,,auto,77555148-67e8-4e04-85af-6741e6b0754d,,,0eba1150-c5a2-4661-b855-0b85aaadc126,SMRSDRF-02-00088475,Basic HH Tariff_Zone 2,flat_rate,,19.0000,ETB,kWh,"[{'start_time': '06:00', 'modifier': '100.0'}, {'start_time': '18:00', 'modifier': '127.0'}]",scheduled,"[{'start_time': '07:00', 'load_limit': 1500}, {'start_time': '21:00', 'load_limit': 2000}]",Watts,,0,ETB,False,,,,kWh,1d3a13c8-6b50-47ed-b18d-ad40f8f2aa41
51,,,auto,bf2aafcf-e3ee-45e3-baba-3ea9e266aeed,,,34587f9d-2dac-468c-b328-f65b56b5b06f,SMRSDRF-02-0008845A,Premium HH Tariff_Zone 2,flat_rate,,19.0000,ETB,kWh,"[{'start_time': '06:00', 'modifier': '100.0'}, {'start_time': '18:00', 'modifier': '127.0'}]",flat,5000,Watts,,0,ETB,False,,,,kWh,c31ba709-87ba-4ae5-a40e-429e70244bd4
52,,,auto,bf2aafcf-e3ee-45e3-baba-3ea9e266aeed,,,be6fed69-4085-4e1e-9d5a-c0e825c5f88b,SMRSDRF-02-00088478,Premium HH Tariff_Zone 2,flat_rate,,19.0000,ETB,kWh,"[{'start_time': '06:00', 'modifier': '100.0'}, {'start_time': '18:00', 'modifier': '127.0'}]",flat,5000,Watts,,0,ETB,False,,,,kWh,d9100d43-1e3d-46a9-8df2-ede2f2e4b3cd
53,,,auto,bf2aafcf-e3ee-45e3-baba-3ea9e266aeed,,,52977197-1807-4700-9f78-c7cc931237ff,SMRSDRF-02-00088479,Premium HH Tariff_Zone 2,flat_rate,,19.0000,ETB,kWh,"[{'start_time': '06:00', 'modifier': '100.0'}, {'start_time': '18:00', 'modifier': '127.0'}]",flat,5000,Watts,,0,ETB,False,,,,kWh,268fd5a0-8a4a-4986-abbb-51376b2879f6
54,,,auto,77555148-67e8-4e04-85af-6741e6b0754d,,,5cc3acac-0902-4ca1-aac7-c5154d8f8c6c,SMRSDRF-02-00088457,Basic HH Tariff_Zone 2,flat_rate,,19.0000,ETB,kWh,"[{'start_time': '06:00', 'modifier': '100.0'}, {'start_time': '18:00', 'modifier': '127.0'}]",scheduled,"[{'start_time': '07:00', 'load_limit': 1500}, {'start_time': '21:00', 'load_limit': 2000}]",Watts,,0,ETB,False,,,,kWh,c82d8ae4-5a16-40b7-b756-a36ec76b9745
55,,,auto,439df054-f98d-4132-98cc-d9503b59fe13,,,08de7ece-eca7-4bc0-b911-c6140f29e076,SMRSDRF-02-00088190,Basic HH Tariff_Zone 3,flat_rate,,19.0000,ETB,kWh,"[{'start_time': '06:00', 'modifier': '100.0'}, {'start_time': '18:00', 'modifier': '127.0'}]",scheduled,"[{'start_time': '07:00', 'load_limit': 1500}, {'start_time': '21:00', 'load_limit': 2000}]",Watts,,0,ETB,False,,,,kWh,f72a105b-656e-4ffd-90c3-ea266127bf57
56,,,auto,439df054-f98d-4132-98cc-d9503b59fe13,,,8733047e-b175-46ce-ba41-d1209b9ac432,SMRSDRF-02-00088481,Basic HH Tariff_Zone 3,flat_rate,,19.0000,ETB,kWh,"[{'start_time': '06:00', 'modifier': '100.0'}, {'start_time': '18:00', 'modifier': '127.0'}]",scheduled,"[{'start_time': '07:00', 'load_limit': 1500}, {'start_time': '21:00', 'load_limit': 2000}]",Watts,,0,ETB,False,,,,kWh,6745407c-65b8-4923-a0ae-330ba69e11a7
57,,,auto,77555148-67e8-4e04-85af-6741e6b0754d,,,50a309b9-fdac-4de7-ad7d-6ee1b4558902,SMRSDRF-02-0008847D,Basic HH Tariff_Zone 2,flat_rate,,19.0000,ETB,kWh,"[{'start_time': '06:00', 'modifier': '100.0'}, {'start_time': '18:00', 'modifier': '127.0'}]",scheduled,"[{'start_time': '07:00', 'load_limit': 1500}, {'start_time': '21:00', 'load_limit': 2000}]",Watts,,0,ETB,False,,,,kWh,1be06f80-10e2-4379-aa02-743a4def7e7b
58,,,auto,439df054-f98d-4132-98cc-d9503b59fe13,,,5e4e6ddb-1294-4b3b-8e27-cc4d191d1296,SMRSDRF-02-00088465,Basic HH Tariff_Zone 3,flat_rate,,19.0000,ETB,kWh,"[{'start_time': '06:00', 'modifier': '100.0'}, {'start_time': '18:00', 'modifier': '127.0'}]",scheduled,"[{'start_time': '07:00', 'load_limit': 1500}, {'start_time': '21:00', 'load_limit': 2000}]",Watts,,0,ETB,False,,,,kWh,12c30441-5e12-4de8-bef6-23b33ce11ef2
59,,,auto,0f0cc57f-8a31-4f5e-bbbd-ecf7c5f79201,,,a7797b67-c932-490c-bd32-057a673832b4,SMRSDRF-02-000883A5,Basic HH Tariff_Zone 1,flat_rate,,19.0000,ETB,kWh,"[{'start_time': '06:00', 'modifier': '100.0'}, {'start_time': '18:00', 'modifier': '127.0'}]",scheduled,"[{'start_time': '07:00', 'load_limit': 1500}, {'start_time': '21:00', 'load_limit': 2000}]",Watts,,0,ETB,False,,,,kWh,7f5fd604-d7fd-4b1f-9315-d8c8062f4de9
60,,,auto,0f0cc57f-8a31-4f5e-bbbd-ecf7c5f79201,,,c485568e-6cfc-4576-9b5d-6bafea7d2346,SMRSDRF-02-000883A7,Basic HH Tariff_Zone 1,flat_rate,,19.0000,ETB,kWh,"[{'start_time': '06:00', 'modifier': '100.0'}, {'start_time': '18:00', 'modifier': '127.0'}]",scheduled,"[{'start_time': '07:00', 'load_limit': 1500}, {'start_time': '21:00', 'load_limit': 2000}]",Watts,,0,ETB,False,,,,kWh,4b61d083-7c7b-46fa-abb0-8b5b32f72e60
61,,,auto,0f0cc57f-8a31-4f5e-bbbd-ecf7c5f79201,,,890542a4-26f0-46d9-9bf3-5907cc77b903,SMRSDRF-02-000881D5,Basic HH Tariff_Zone 1,flat_rate,,19.0000,ETB,kWh,"[{'start_time': '06:00', 'modifier': '100.0'}, {'start_time': '18:00', 'modifier': '127.0'}]",scheduled,"[{'start_time': '07:00', 'load_limit': 1500}, {'start_time': '21:00', 'load_limit': 2000}]",Watts,,0,ETB,False,,,,kWh,d5e02cc6-edf3-48c2-a7ff-3db106c343ad
62,,,auto,0f0cc57f-8a31-4f5e-bbbd-ecf7c5f79201,,,bd4040b5-fb1c-45fc-8a22-d6663087d5e4,SMRSDRF-02-000883AA,Basic HH Tariff_Zone 1,flat_rate,,19.0000,ETB,kWh,"[{'start_time': '06:00', 'modifier': '100.0'}, {'start_time': '18:00', 'modifier': '127.0'}]",scheduled,"[{'start_time': '07:00', 'load_limit': 1500}, {'start_time': '21:00', 'load_limit': 2000}]",Watts,,0,ETB,False,,,,kWh,5a8c8f11-a783-42eb-8903-e8acfa6c1a7a
63,,,auto,0f0cc57f-8a31-4f5e-bbbd-ecf7c5f79201,,,bb55113a-2e98-4d19-ba0b-4327eea866d1,SMRSDRF-02-0008839D,Basic HH Tariff_Zone 1,flat_rate,,19.0000,ETB,kWh,"[{'start_time': '06:00', 'modifier': '100.0'}, {'start_time': '18:00', 'modifier': '127.0'}]",scheduled,"[{'start_time': '07:00', 'load_limit': 1500}, {'start_time': '21:00', 'load_limit': 2000}]",Watts,,0,ETB,False,,,,kWh,e880f820-ad34-444f-af56-4207268ed0ab
64,,,auto,0f0cc57f-8a31-4f5e-bbbd-ecf7c5f79201,,,709e03c0-074f-4215-937d-b7a8439c2377,SMRSDRF-02-000883A6,Basic HH Tariff_Zone 1,flat_rate,,19.0000,ETB,kWh,"[{'start_time': '06:00', 'modifier': '100.0'}, {'start_time': '18:00', 'modifier': '127.0'}]",scheduled,"[{'start_time': '07:00', 'load_limit': 1500}, {'start_time': '21:00', 'load_limit': 2000}]",Watts,,0,ETB,False,,,,kWh,dc255228-1267-4fc8-aec3-1fddd1f9f2ae
65,,,auto,0f0cc57f-8a31-4f5e-bbbd-ecf7c5f79201,,,f0902401-6751-4a44-9a50-71715bdcd641,SMRSDRF-02-000883A8,Basic HH Tariff_Zone 1,flat_rate,,19.0000,ETB,kWh,"[{'start_time': '06:00', 'modifier': '100.0'}, {'start_time': '18:00', 'modifier': '127.0'}]",scheduled,"[{'start_time': '07:00', 'load_limit': 1500}, {'start_time': '21:00', 'load_limit': 2000}]",Watts,,0,ETB,False,,,,kWh,12b3aa8e-8183-4f6b-a564-52d8d8e774d6
66,,,auto,439df054-f98d-4132-98cc-d9503b59fe13,,,cc755b1d-0892-4c83-befa-f3a5c50d129c,SMRSDRF-02-000880E8,Basic HH Tariff_Zone 3,flat_rate,,19.0000,ETB,kWh,"[{'start_time': '06:00', 'modifier': '100.0'}, {'start_time': '18:00', 'modifier': '127.0'}]",scheduled,"[{'start_time': '07:00', 'load_limit': 1500}, {'start_time': '21:00', 'load_limit': 2000}]",Watts,,0,ETB,False,,,,kWh,387afe41-8f3d-46cb-9201-cac56cea59b1
67,,,auto,77555148-67e8-4e04-85af-6741e6b0754d,,,1ba4c5d2-49e3-4eea-a81e-a41ae7909c9c,SMRSDRF-02-000881D2,Basic HH Tariff_Zone 2,flat_rate,,19.0000,ETB,kWh,"[{'start_time': '06:00', 'modifier': '100.0'}, {'start_time': '18:00', 'modifier': '127.0'}]",scheduled,"[{'start_time': '07:00', 'load_limit': 1500}, {'start_time': '21:00', 'load_limit': 2000}]",Watts,,0,ETB,False,,,,kWh,67d9e135-3266-4e0c-9f31-41ff1a0cd36c
68,,,auto,77555148-67e8-4e04-85af-6741e6b0754d,,,3db0c7c3-f8d9-4ec7-8216-dfbef03709a9,SMRSDRF-02-00088391,Basic HH Tariff_Zone 2,flat_rate,,19.0000,ETB,kWh,"[{'start_time': '06:00', 'modifier': '100.0'}, {'start_time': '18:00', 'modifier': '127.0'}]",scheduled,"[{'start_time': '07:00', 'load_limit': 1500}, {'start_time': '21:00', 'load_limit': 2000}]",Watts,,0,ETB,False,,,,kWh,dba7e7a5-f721-4e44-ab85-29dfdb2bba77
69,,,auto,77555148-67e8-4e04-85af-6741e6b0754d,,,63c64cf9-5a69-479b-8612-a3b338aaca77,SMRSDRF-02-000883AE,Basic HH Tariff_Zone 2,flat_rate,,19.0000,ETB,kWh,"[{'start_time': '06:00', 'modifier': '100.0'}, {'start_time': '18:00', 'modifier': '127.0'}]",scheduled,"[{'start_time': '07:00', 'load_limit': 1500}, {'start_time': '21:00', 'load_limit': 2000}]",Watts,,0,ETB,False,,,,kWh,de272e1c-46c3-4255-9d85-6f42c1b6673b
70,,,auto,439df054-f98d-4132-98cc-d9503b59fe13,,,78996ee3-ca23-43a3-b094-cb11c6b3a1d1,SMRSDRF-02-000883A1,Basic HH Tariff_Zone 3,flat_rate,,19.0000,ETB,kWh,"[{'start_time': '06:00', 'modifier': '100.0'}, {'start_time': '18:00', 'modifier': '127.0'}]",scheduled,"[{'start_time': '07:00', 'load_limit': 1500}, {'start_time': '21:00', 'load_limit': 2000}]",Watts,,0,ETB,False,,,,kWh,212f249c-6598-4bc0-be20-06732b43374e
71,,,auto,439df054-f98d-4132-98cc-d9503b59fe13,,,716a640a-c620-48a4-80d3-2b05a2394db1,SMRSDRF-02-0008839C,Basic HH Tariff_Zone 3,flat_rate,,19.0000,ETB,kWh,"[{'start_time': '06:00', 'modifier': '100.0'}, {'start_time': '18:00', 'modifier': '127.0'}]",scheduled,"[{'start_time': '07:00', 'load_limit': 1500}, {'start_time': '21:00', 'load_limit': 2000}]",Watts,,0,ETB,False,,,,kWh,f9d0d373-f402-435e-a7e5-cf07055a30d1
72,,,auto,0f0cc57f-8a31-4f5e-bbbd-ecf7c5f79201,,,62620975-c042-4d49-bc9b-c9bc1289a75d,SMRSDRF-02-0008839A,Basic HH Tariff_Zone 1,flat_rate,,19.0000,ETB,kWh,"[{'start_time': '06:00', 'modifier': '100.0'}, {'start_time': '18:00', 'modifier': '127.0'}]",scheduled,"[{'start_time': '07:00', 'load_limit': 1500}, {'start_time': '21:00', 'load_limit': 2000}]",Watts,,0,ETB,False,,,,kWh,067b1099-69c9-4a52-9e42-f6d88a78effd
73,,,auto,0f0cc57f-8a31-4f5e-bbbd-ecf7c5f79201,,,b4c908f8-98dc-4b66-86ea-360bbcaa387e,SMRSDRF-02-00088243,Basic HH Tariff_Zone 1,flat_rate,,19.0000,ETB,kWh,"[{'start_time': '06:00', 'modifier': '100.0'}, {'start_time': '18:00', 'modifier': '127.0'}]",scheduled,"[{'start_time': '07:00', 'load_limit': 1500}, {'start_time': '21:00', 'load_limit': 2000}]",Watts,,0,ETB,False,,,,kWh,ac9e5bbd-5df7-47ce-9cae-b428a9c0c3e3
74,,,auto,0f0cc57f-8a31-4f5e-bbbd-ecf7c5f79201,,,4debe5c9-ad44-4da7-ac6e-73c3996a47e4,SMRSDRF-02-000883A3,Basic HH Tariff_Zone 1,flat_rate,,19.0000,ETB,kWh,"[{'start_time': '06:00', 'modifier': '100.0'}, {'start_time': '18:00', 'modifier': '127.0'}]",scheduled,"[{'start_time': '07:00', 'load_limit': 1500}, {'start_time': '21:00', 'load_limit': 2000}]",Watts,,0,ETB,False,,,,kWh,f9e70162-6014-4641-a757-9d5fad4de8f0
75,,,auto,439df054-f98d-4132-98cc-d9503b59fe13,,,8e69e4ce-0cad-4fba-9ca8-e1d85603967b,SMRSDRF-02-000883A2,Basic HH Tariff_Zone 3,flat_rate,,19.0000,ETB,kWh,"[{'start_time': '06:00', 'modifier': '100.0'}, {'start_time': '18:00', 'modifier': '127.0'}]",scheduled,"[{'start_time': '07:00', 'load_limit': 1500}, {'start_time': '21:00', 'load_limit': 2000}]",Watts,,0,ETB,False,,,,kWh,3cd237c9-852f-4602-b2c5-28f730f4a083
76,,,auto,0f0cc57f-8a31-4f5e-bbbd-ecf7c5f79201,,,30c705c9-b937-4cab-8867-4f4670ccff32,SMRSDRF-02-0008839B,Basic HH Tariff_Zone 1,flat_rate,,19.0000,ETB,kWh,"[{'start_time': '06:00', 'modifier': '100.0'}, {'start_time': '18:00', 'modifier': '127.0'}]",scheduled,"[{'start_time': '07:00', 'load_limit': 1500}, {'start_time': '21:00', 'load_limit': 2000}]",Watts,,0,ETB,False,,,,kWh,dc8faecc-b0ab-4cd6-9323-ba76fcf0a0e0
77,,,auto,0f0cc57f-8a31-4f5e-bbbd-ecf7c5f79201,,,796f12a3-b1db-4b82-9200-dcf1e9e7c579,SMRSDRF-02-000883A4,Basic HH Tariff_Zone 1,flat_rate,,19.0000,ETB,kWh,"[{'start_time': '06:00', 'modifier': '100.0'}, {'start_time': '18:00', 'modifier': '127.0'}]",scheduled,"[{'start_time': '07:00', 'load_limit': 1500}, {'start_time': '21:00', 'load_limit': 2000}]",Watts,,0,ETB,False,,,,kWh,7f3a918f-7bbb-4420-a605-dd5778e8afb2
78,,,auto,0f0cc57f-8a31-4f5e-bbbd-ecf7c5f79201,,,81bba90c-20a3-4034-ab84-51250c2edbb5,SMRSDRF-02-00088294,Basic HH Tariff_Zone 1,flat_rate,,19.0000,ETB,kWh,"[{'start_time': '06:00', 'modifier': '100.0'}, {'start_time': '18:00', 'modifier': '127.0'}]",scheduled,"[{'start_time': '07:00', 'load_limit': 1500}, {'start_time': '21:00', 'load_limit': 2000}]",Watts,,0,ETB,False,,,,kWh,18da532a-9d80-4a45-899a-b354a734264c
79,,,auto,0f0cc57f-8a31-4f5e-bbbd-ecf7c5f79201,,,415a79cd-30f6-40d9-9200-5f0a9f66f3e2,SMRSDRF-02-000882AE,Basic HH Tariff_Zone 1,flat_rate,,19.0000,ETB,kWh,"[{'start_time': '06:00', 'modifier': '100.0'}, {'start_time': '18:00', 'modifier': '127.0'}]",scheduled,"[{'start_time': '07:00', 'load_limit': 1500}, {'start_time': '21:00', 'load_limit': 2000}]",Watts,,0,ETB,False,,,,kWh,201e7258-1e37-4a3c-bddf-c4930b538758
80,,,auto,0f0cc57f-8a31-4f5e-bbbd-ecf7c5f79201,,,1c454664-f1fe-4e46-935b-5ecf23b6a31a,SMRSDRF-02-000882A0,Basic HH Tariff_Zone 1,flat_rate,,19.0000,ETB,kWh,"[{'start_time': '06:00', 'modifier': '100.0'}, {'start_time': '18:00', 'modifier': '127.0'}]",scheduled,"[{'start_time': '07:00', 'load_limit': 1500}, {'start_time': '21:00', 'load_limit': 2000}]",Watts,,0,ETB,False,,,,kWh,5950d7c2-3ec6-4f38-aaa6-d2f06469ba83
81,,,auto,66b66b15-6217-4519-9722-3e6a51a239d6,,,92526538-407f-4cbb-bdd8-5a141d719f05,SMRSDRF-02-00088396,Small Business Tariff_Zone 1,flat_rate,,19.0000,ETB,kWh,"[{'start_time': '06:00', 'modifier': '100.0'}, {'start_time': '18:00', 'modifier': '127.0'}]",flat,10000,Watts,,0,ETB,False,,,,kWh,e743153d-df06-4dc8-a335-de5303f97800
82,,,auto,0f0cc57f-8a31-4f5e-bbbd-ecf7c5f79201,,,e3b9e92e-e440-4265-b8df-e8e88a8aad58,SMRSDRF-02-0008851E,Basic HH Tariff_Zone 1,flat_rate,,19.0000,ETB,kWh,"[{'start_time': '06:00', 'modifier': '100.0'}, {'start_time': '18:00', 'modifier': '127.0'}]",scheduled,"[{'start_time': '07:00', 'load_limit': 1500}, {'start_time': '21:00', 'load_limit': 2000}]",Watts,,0,ETB,False,,,,kWh,220b166b-4538-4ba1-9d1d-1ad5b3276847
83,,,auto,0f0cc57f-8a31-4f5e-bbbd-ecf7c5f79201,,,ee391379-acb6-4006-9aec-97e4d95bf168,SMRSDRF-02-00088288,Basic HH Tariff_Zone 1,flat_rate,,19.0000,ETB,kWh,"[{'start_time': '06:00', 'modifier': '100.0'}, {'start_time': '18:00', 'modifier': '127.0'}]",scheduled,"[{'start_time': '07:00', 'load_limit': 1500}, {'start_time': '21:00', 'load_limit': 2000}]",Watts,,0,ETB,False,,,,kWh,e7810ecc-ad24-45de-a2a9-2f0fc96d00a5
84,,,auto,0f0cc57f-8a31-4f5e-bbbd-ecf7c5f79201,,2,a66e02b4-085b-433e-a922-49c18d706924,SMRSDRF-02-000883A0,Basic HH Tariff_Zone 1,flat_rate,,19.0000,ETB,kWh,"[{'start_time': '06:00', 'modifier': '100.0'}, {'start_time': '18:00', 'modifier': '127.0'}]",scheduled,"[{'start_time': '07:00', 'load_limit': 1500}, {'start_time': '21:00', 'load_limit': 2000}]",Watts,,0,ETB,False,,,,kWh,9c8e472f-79ce-4802-bc3b-2f70bf2a3c13
85,,,auto,0f0cc57f-8a31-4f5e-bbbd-ecf7c5f79201,,,ad38f763-d148-4c83-abd9-cebd2dc20b26,SMRSDRF-02-00088326,Basic HH Tariff_Zone 1,flat_rate,,19.0000,ETB,kWh,"[{'start_time': '06:00', 'modifier': '100.0'}, {'start_time': '18:00', 'modifier': '127.0'}]",scheduled,"[{'start_time': '07:00', 'load_limit': 1500}, {'start_time': '21:00', 'load_limit': 2000}]",Watts,,0,ETB,False,,,,kWh,ef8841f8-20d1-475a-a685-3e0a485d063f
86,,,auto,0f0cc57f-8a31-4f5e-bbbd-ecf7c5f79201,,,298c0b63-0a22-48f6-880e-826956754676,SMRSDRF-02-0008839F,Basic HH Tariff_Zone 1,flat_rate,,19.0000,ETB,kWh,"[{'start_time': '06:00', 'modifier': '100.0'}, {'start_time': '18:00', 'modifier': '127.0'}]",scheduled,"[{'start_time': '07:00', 'load_limit': 1500}, {'start_time': '21:00', 'load_limit': 2000}]",Watts,,0,ETB,False,,,,kWh,d2f34dee-cb23-4821-890b-b90e0c23f0d5
87,,,auto,77555148-67e8-4e04-85af-6741e6b0754d,,,eb398fb3-a3c5-4059-b0b3-4d207e31da87,SMRSDRF-02-00088261,Basic HH Tariff_Zone 2,flat_rate,,19.0000,ETB,kWh,"[{'start_time': '06:00', 'modifier': '100.0'}, {'start_time': '18:00', 'modifier': '127.0'}]",scheduled,"[{'start_time': '07:00', 'load_limit': 1500}, {'start_time': '21:00', 'load_limit': 2000}]",Watts,,0,ETB,False,,,,kWh,dcb88ebd-11b1-4029-9bd2-31ee0bcca62c
88,,,auto,77555148-67e8-4e04-85af-6741e6b0754d,,,9495b7fe-b300-44a7-917c-f8b31fc1cc3d,SMRSDRF-02-0008836E,Basic HH Tariff_Zone 2,flat_rate,,19.0000,ETB,kWh,"[{'start_time': '06:00', 'modifier': '100.0'}, {'start_time': '18:00', 'modifier': '127.0'}]",scheduled,"[{'start_time': '07:00', 'load_limit': 1500}, {'start_time': '21:00', 'load_limit': 2000}]",Watts,,0,ETB,False,,,,kWh,d27248cf-de7b-431f-9c4f-37fc6bb18466
89,,,auto,77555148-67e8-4e04-85af-6741e6b0754d,,,44f21407-dc54-491d-a2b0-253c95495239,SMRSDRF-02-00088281,Basic HH Tariff_Zone 2,flat_rate,,19.0000,ETB,kWh,"[{'start_time': '06:00', 'modifier': '100.0'}, {'start_time': '18:00', 'modifier': '127.0'}]",scheduled,"[{'start_time': '07:00', 'load_limit': 1500}, {'start_time': '21:00', 'load_limit': 2000}]",Watts,,0,ETB,False,,,,kWh,47959c2e-0e51-4851-933b-fc644495a222
90,,,auto,77555148-67e8-4e04-85af-6741e6b0754d,,,b681841a-fd95-414b-96d0-a3f21bd4d091,SMRSDRF-02-00088286,Basic HH Tariff_Zone 2,flat_rate,,19.0000,ETB,kWh,"[{'start_time': '06:00', 'modifier': '100.0'}, {'start_time': '18:00', 'modifier': '127.0'}]",scheduled,"[{'start_time': '07:00', 'load_limit': 1500}, {'start_time': '21:00', 'load_limit': 2000}]",Watts,,0,ETB,False,,,,kWh,ffb4ada3-135a-4242-bb44-b1c3f40693a7
91,,,auto,0f0cc57f-8a31-4f5e-bbbd-ecf7c5f79201,,,d24039e9-4055-44a5-8699-67a2a490331c,SMRSDRF-02-00087F81,Basic HH Tariff_Zone 1,flat_rate,,19.0000,ETB,kWh,"[{'start_time': '06:00', 'modifier': '100.0'}, {'start_time': '18:00', 'modifier': '127.0'}]",scheduled,"[{'start_time': '07:00', 'load_limit': 1500}, {'start_time': '21:00', 'load_limit': 2000}]",Watts,,0,ETB,False,,,,kWh,1a86d26b-5abe-4fd0-8731-dea2890b7d00
92,,,auto,bf2aafcf-e3ee-45e3-baba-3ea9e266aeed,,,3dbd33c9-d908-4cda-b130-725a90c372c2,SMRSDRF-02-00087FC6,Premium HH Tariff_Zone 2,flat_rate,,19.0000,ETB,kWh,"[{'start_time': '06:00', 'modifier': '100.0'}, {'start_time': '18:00', 'modifier': '127.0'}]",flat,5000,Watts,,0,ETB,False,,,,kWh,7cb880e2-5a6f-4e2a-a687-4fcbd07e0b08
93,,,auto,0f0cc57f-8a31-4f5e-bbbd-ecf7c5f79201,,,87e823c8-cfb3-4b87-9655-3b1dc52bd2bd,SMRSDRF-02-00088501,Basic HH Tariff_Zone 1,flat_rate,,19.0000,ETB,kWh,"[{'start_time': '06:00', 'modifier': '100.0'}, {'start_time': '18:00', 'modifier': '127.0'}]",scheduled,"[{'start_time': '07:00', 'load_limit': 1500}, {'start_time': '21:00', 'load_limit': 2000}]",Watts,,0,ETB,False,,,,kWh,e633b113-3324-4e8a-ac3a-c451d52a812a
94,,,auto,439df054-f98d-4132-98cc-d9503b59fe13,,,c982b0bd-102d-47f5-95dc-619d821aa48a,SMRSDRF-02-0008828B,Basic HH Tariff_Zone 3,flat_rate,,19.0000,ETB,kWh,"[{'start_time': '06:00', 'modifier': '100.0'}, {'start_time': '18:00', 'modifier': '127.0'}]",scheduled,"[{'start_time': '07:00', 'load_limit': 1500}, {'start_time': '21:00', 'load_limit': 2000}]",Watts,,0,ETB,False,,,,kWh,829ed893-d608-41c9-98f5-04bbe8ccbcfa
95,,,auto,439df054-f98d-4132-98cc-d9503b59fe13,,,c4c123ea-52ea-436d-a2b1-12089ded79f3,SMRSDRF-02-00088057,Basic HH Tariff_Zone 3,flat_rate,,19.0000,ETB,kWh,"[{'start_time': '06:00', 'modifier': '100.0'}, {'start_time': '18:00', 'modifier': '127.0'}]",scheduled,"[{'start_time': '07:00', 'load_limit': 1500}, {'start_time': '21:00', 'load_limit': 2000}]",Watts,,0,ETB,False,,,,kWh,a8e521af-430d-412a-bbaf-23c84c5be27a
96,,,auto,439df054-f98d-4132-98cc-d9503b59fe13,,,5ad24a66-178d-4166-81d5-6c5cb3f938c7,SMRSDRF-02-000882D2,Basic HH Tariff_Zone 3,flat_rate,,19.0000,ETB,kWh,"[{'start_time': '06:00', 'modifier': '100.0'}, {'start_time': '18:00', 'modifier': '127.0'}]",scheduled,"[{'start_time': '07:00', 'load_limit': 1500}, {'start_time': '21:00', 'load_limit': 2000}]",Watts,,0,ETB,False,,,,kWh,78e39dd7-b863-49c3-b2c0-d8691eda9d61
97,,,auto,439df054-f98d-4132-98cc-d9503b59fe13,,,6888aaa0-1160-41a3-aeb3-804eaa778862,SMRSDRF-02-000882C5,Basic HH Tariff_Zone 3,flat_rate,,19.0000,ETB,kWh,"[{'start_time': '06:00', 'modifier': '100.0'}, {'start_time': '18:00', 'modifier': '127.0'}]",scheduled,"[{'start_time': '07:00', 'load_limit': 1500}, {'start_time': '21:00', 'load_limit': 2000}]",Watts,,0,ETB,False,,,,kWh,f2a1fcd8-abb3-4b88-ac16-71b3ab171e0c
98,,,auto,439df054-f98d-4132-98cc-d9503b59fe13,,,0ab1782f-5810-4d9b-a327-98e1eeb1c29b,SMRSDRF-02-000882B5,Basic HH Tariff_Zone 3,flat_rate,,19.0000,ETB,kWh,"[{'start_time': '06:00', 'modifier': '100.0'}, {'start_time': '18:00', 'modifier': '127.0'}]",scheduled,"[{'start_time': '07:00', 'load_limit': 1500}, {'start_time': '21:00', 'load_limit': 2000}]",Watts,,0,ETB,False,,,,kWh,bcc1c393-20ef-49b2-9dfa-b4113792c2c2
99,,,auto,77555148-67e8-4e04-85af-6741e6b0754d,,,e4e82405-f486-4c64-8eca-3048edf511c9,SMRSDRF-02-000881CF,Basic HH Tariff_Zone 2,flat_rate,,19.0000,ETB,kWh,"[{'start_time': '06:00', 'modifier': '100.0'}, {'start_time': '18:00', 'modifier': '127.0'}]",scheduled,"[{'start_time': '07:00', 'load_limit': 1500}, {'start_time': '21:00', 'load_limit': 2000}]",Watts,,0,ETB,False,,,,kWh,b6df666c-b63c-4cef-882d-b3c6ba2011d5
100,,,auto,81ec6fa4-ad87-4f3e-b1c5-0fcb607319c0,,,e58de543-8693-4d28-a426-5c162a9f0c93,SMRSDRF-02-00088034,Small Business Tariff_Zone 2,flat_rate,,19.0000,ETB,kWh,"[{'start_time': '06:00', 'modifier': '100.0'}, {'start_time': '18:00', 'modifier': '127.0'}]",flat,13000,Watts,,0,ETB,False,,,,kWh,7a20c8f8-5fb1-453e-a4a7-0da57b7b1031
101,,,auto,77555148-67e8-4e04-85af-6741e6b0754d,,,bd8bf8bb-1eda-4485-9e3b-70ea14d72beb,SMRSDRF-02-00088043,Basic HH Tariff_Zone 2,flat_rate,,19.0000,ETB,kWh,"[{'start_time': '06:00', 'modifier': '100.0'}, {'start_time': '18:00', 'modifier': '127.0'}]",scheduled,"[{'start_time': '07:00', 'load_limit': 1500}, {'start_time': '21:00', 'load_limit': 2000}]",Watts,,0,ETB,False,,,,kWh,dc72bef8-c4bb-4f8d-ab49-74e69e96735e
102,,,auto,77555148-67e8-4e04-85af-6741e6b0754d,,,7dafa9c1-94d7-4bb9-ae07-09641a600d2d,SMRSDRF-02-00088038,Basic HH Tariff_Zone 2,flat_rate,,19.0000,ETB,kWh,"[{'start_time': '06:00', 'modifier': '100.0'}, {'start_time': '18:00', 'modifier': '127.0'}]",scheduled,"[{'start_time': '07:00', 'load_limit': 1500}, {'start_time': '21:00', 'load_limit': 2000}]",Watts,,0,ETB,False,,,,kWh,69fd3040-ec38-4b70-b858-a946e5c011ed
103,,,auto,77555148-67e8-4e04-85af-6741e6b0754d,,,b140018b-bb45-4a2d-bb8c-3d127481213c,SMRSDRF-02-0008805D,Basic HH Tariff_Zone 2,flat_rate,,19.0000,ETB,kWh,"[{'start_time': '06:00', 'modifier': '100.0'}, {'start_time': '18:00', 'modifier': '127.0'}]",scheduled,"[{'start_time': '07:00', 'load_limit': 1500}, {'start_time': '21:00', 'load_limit': 2000}]",Watts,,0,ETB,False,,,,kWh,0a7de7c2-a156-4227-b619-93851f9c934a
104,,,auto,439df054-f98d-4132-98cc-d9503b59fe13,,,9c40a3bf-e3b3-45c2-bc54-833cc77c95c2,SMRSDRF-02-00088045,Basic HH Tariff_Zone 3,flat_rate,,19.0000,ETB,kWh,"[{'start_time': '06:00', 'modifier': '100.0'}, {'start_time': '18:00', 'modifier': '127.0'}]",scheduled,"[{'start_time': '07:00', 'load_limit': 1500}, {'start_time': '21:00', 'load_limit': 2000}]",Watts,,0,ETB,False,,,,kWh,b3dc87f4-2dfa-43d8-858a-10bf3a3fb57c
105,,,auto,77555148-67e8-4e04-85af-6741e6b0754d,,,b29b58fe-e80e-40e2-b201-f13dce3f287c,SMRSDRF-02-0008803E,Basic HH Tariff_Zone 2,flat_rate,,19.0000,ETB,kWh,"[{'start_time': '06:00', 'modifier': '100.0'}, {'start_time': '18:00', 'modifier': '127.0'}]",scheduled,"[{'start_time': '07:00', 'load_limit': 1500}, {'start_time': '21:00', 'load_limit': 2000}]",Watts,,0,ETB,False,,,,kWh,61a6c77d-b417-4238-a57b-a02fe5b51662
106,,,auto,439df054-f98d-4132-98cc-d9503b59fe13,,,c7023306-9590-4f60-a5bc-df7ab63c26cd,SMRSDRF-02-00088047,Basic HH Tariff_Zone 3,flat_rate,,19.0000,ETB,kWh,"[{'start_time': '06:00', 'modifier': '100.0'}, {'start_time': '18:00', 'modifier': '127.0'}]",scheduled,"[{'start_time': '07:00', 'load_limit': 1500}, {'start_time': '21:00', 'load_limit': 2000}]",Watts,,0,ETB,False,,,,kWh,4f3772df-4de6-4b43-9d86-9769fb9ae6a7
107,,,auto,77555148-67e8-4e04-85af-6741e6b0754d,,,03c22a93-70aa-4622-8b76-c1d75b7a0661,SMRSDRF-02-00088002,Basic HH Tariff_Zone 2,flat_rate,,19.0000,ETB,kWh,"[{'start_time': '06:00', 'modifier': '100.0'}, {'start_time': '18:00', 'modifier': '127.0'}]",scheduled,"[{'start_time': '07:00', 'load_limit': 1500}, {'start_time': '21:00', 'load_limit': 2000}]",Watts,,0,ETB,False,,,,kWh,bbf9c009-f844-4b2c-81af-92e5e8a9a6cd
108,,,auto,77555148-67e8-4e04-85af-6741e6b0754d,,,288c463b-7b6f-461c-bca3-a946dcb4d94e,SMRSDRF-02-00088128,Basic HH Tariff_Zone 2,flat_rate,,19.0000,ETB,kWh,"[{'start_time': '06:00', 'modifier': '100.0'}, {'start_time': '18:00', 'modifier': '127.0'}]",scheduled,"[{'start_time': '07:00', 'load_limit': 1500}, {'start_time': '21:00', 'load_limit': 2000}]",Watts,,0,ETB,False,,,,kWh,78638430-4414-4fdc-9376-9a529c13cd23
109,,,auto,0f0cc57f-8a31-4f5e-bbbd-ecf7c5f79201,,,9957e760-7d03-48f9-bd60-a5ad2d63c635,SMRSDRF-02-00088063,Basic HH Tariff_Zone 1,flat_rate,,19.0000,ETB,kWh,"[{'start_time': '06:00', 'modifier': '100.0'}, {'start_time': '18:00', 'modifier': '127.0'}]",scheduled,"[{'start_time': '07:00', 'load_limit': 1500}, {'start_time': '21:00', 'load_limit': 2000}]",Watts,,0,ETB,False,,,,kWh,bfa3cc20-7a22-4ff9-b348-f239be632d6e
110,,,auto,0f0cc57f-8a31-4f5e-bbbd-ecf7c5f79201,,,bfbf0789-4618-4a93-94e2-8ec422ec3126,SMRSDRF-02-00088046,Basic HH Tariff_Zone 1,flat_rate,,19.0000,ETB,kWh,"[{'start_time': '06:00', 'modifier': '100.0'}, {'start_time': '18:00', 'modifier': '127.0'}]",scheduled,"[{'start_time': '07:00', 'load_limit': 1500}, {'start_time': '21:00', 'load_limit': 2000}]",Watts,,0,ETB,False,,,,kWh,6fe362f8-e3a4-4690-8d5d-f12ab68708f9
111,,,auto,439df054-f98d-4132-98cc-d9503b59fe13,,,59f573e5-3b37-4004-b06f-702195528b54,SMRSDRF-02-000882BB,Basic HH Tariff_Zone 3,flat_rate,,19.0000,ETB,kWh,"[{'start_time': '06:00', 'modifier': '100.0'}, {'start_time': '18:00', 'modifier': '127.0'}]",scheduled,"[{'start_time': '07:00', 'load_limit': 1500}, {'start_time': '21:00', 'load_limit': 2000}]",Watts,,0,ETB,False,,,,kWh,afc4bf2d-e897-42ee-813e-d4e279511413
112,,,auto,77555148-67e8-4e04-85af-6741e6b0754d,,,bbda269e-3eb4-4e91-a1da-fef441beb328,SMRSDRF-02-0008805B,Basic HH Tariff_Zone 2,flat_rate,,19.0000,ETB,kWh,"[{'start_time': '06:00', 'modifier': '100.0'}, {'start_time': '18:00', 'modifier': '127.0'}]",scheduled,"[{'start_time': '07:00', 'load_limit': 1500}, {'start_time': '21:00', 'load_limit': 2000}]",Watts,,0,ETB,False,,,,kWh,1803fe61-0c43-45f5-99e5-dc4445e80b88
113,,,auto,439df054-f98d-4132-98cc-d9503b59fe13,,,5648ab93-8837-4851-9f44-0363291e9da7,SMRSDRF-02-000882E0,Basic HH Tariff_Zone 3,flat_rate,,19.0000,ETB,kWh,"[{'start_time': '06:00', 'modifier': '100.0'}, {'start_time': '18:00', 'modifier': '127.0'}]",scheduled,"[{'start_time': '07:00', 'load_limit': 1500}, {'start_time': '21:00', 'load_limit': 2000}]",Watts,,0,ETB,False,,,,kWh,402a1387-206c-4c09-bf75-01b66fe21296
114,,,auto,42336181-4416-4424-a996-67392bed0e31,,,4e28dfec-3297-4e51-bc88-6541e4d6d151,SMRPIRF-02-00088ED0,Sheder Health Center,flat_rate,,19.0000,ETB,kWh,"[{'start_time': '06:00', 'modifier': '100.0'}, {'start_time': '18:00', 'modifier': '127.0'}]",flat,10000,Watts,,0,ETB,False,,,,kWh,ddb54360-66d5-4e92-8d60-7ff5aacc8d9c
115,,,auto,0f0cc57f-8a31-4f5e-bbbd-ecf7c5f79201,,,09f54095-3e17-44d3-bb37-6dc85f2ad8ab,SMRSDRF-02-00088033,Basic HH Tariff_Zone 1,flat_rate,,19.0000,ETB,kWh,"[{'start_time': '06:00', 'modifier': '100.0'}, {'start_time': '18:00', 'modifier': '127.0'}]",scheduled,"[{'start_time': '07:00', 'load_limit': 1500}, {'start_time': '21:00', 'load_limit': 2000}]",Watts,,0,ETB,False,,,,kWh,43c414cf-7fce-481d-a3ce-7e947e805cfb
116,,,auto,439df054-f98d-4132-98cc-d9503b59fe13,,,b20decc5-9670-43c9-a3ac-b04834859243,SMRSDRF-02-000882F5,Basic HH Tariff_Zone 3,flat_rate,,19.0000,ETB,kWh,"[{'start_time': '06:00', 'modifier': '100.0'}, {'start_time': '18:00', 'modifier': '127.0'}]",scheduled,"[{'start_time': '07:00', 'load_limit': 1500}, {'start_time': '21:00', 'load_limit': 2000}]",Watts,,0,ETB,False,,,,kWh,c36e9116-89b2-4c4e-a70a-652b2dfa04a5
117,,,auto,77555148-67e8-4e04-85af-6741e6b0754d,,,75f64363-a19c-468f-8483-e12ec7280231,SMRSDRF-02-00088061,Basic HH Tariff_Zone 2,flat_rate,,19.0000,ETB,kWh,"[{'start_time': '06:00', 'modifier': '100.0'}, {'start_time': '18:00', 'modifier': '127.0'}]",scheduled,"[{'start_time': '07:00', 'load_limit': 1500}, {'start_time': '21:00', 'load_limit': 2000}]",Watts,,0,ETB,False,,,,kWh,f770b8b4-74f4-43b4-bfd9-329781e47430
118,,,auto,0f0cc57f-8a31-4f5e-bbbd-ecf7c5f79201,,,071540d0-9b95-4bb6-bbeb-aebaa23e6b93,SMRSDRF-02-000882F0,Basic HH Tariff_Zone 1,flat_rate,,19.0000,ETB,kWh,"[{'start_time': '06:00', 'modifier': '100.0'}, {'start_time': '18:00', 'modifier': '127.0'}]",scheduled,"[{'start_time': '07:00', 'load_limit': 1500}, {'start_time': '21:00', 'load_limit': 2000}]",Watts,,0,ETB,False,,,,kWh,e1dae79a-7810-43d2-83c0-b594c76385cb
119,,,auto,0f0cc57f-8a31-4f5e-bbbd-ecf7c5f79201,,,c1b8dd62-05c5-4b91-801a-f42da506a2c6,SMRSDRF-02-000882F1,Basic HH Tariff_Zone 1,flat_rate,,19.0000,ETB,kWh,"[{'start_time': '06:00', 'modifier': '100.0'}, {'start_time': '18:00', 'modifier': '127.0'}]",scheduled,"[{'start_time': '07:00', 'load_limit': 1500}, {'start_time': '21:00', 'load_limit': 2000}]",Watts,,0,ETB,False,,,,kWh,e8aecf90-7bf2-4b31-972a-43c72eac1300
120,,,auto,0f0cc57f-8a31-4f5e-bbbd-ecf7c5f79201,,,f89b1cc0-500b-4cd2-81b4-9813fca49574,SMRSDRF-02-0008821A,Basic HH Tariff_Zone 1,flat_rate,,19.0000,ETB,kWh,"[{'start_time': '06:00', 'modifier': '100.0'}, {'start_time': '18:00', 'modifier': '127.0'}]",scheduled,"[{'start_time': '07:00', 'load_limit': 1500}, {'start_time': '21:00', 'load_limit': 2000}]",Watts,,0,ETB,False,,,,kWh,82365f75-a362-4ad3-9faf-e6cdd53a4643
121,,,auto,0f0cc57f-8a31-4f5e-bbbd-ecf7c5f79201,,,5ec21764-620f-481d-af47-2afe8e5237a7,SMRSDRF-02-00088064,Basic HH Tariff_Zone 1,flat_rate,,19.0000,ETB,kWh,"[{'start_time': '06:00', 'modifier': '100.0'}, {'start_time': '18:00', 'modifier': '127.0'}]",scheduled,"[{'start_time': '07:00', 'load_limit': 1500}, {'start_time': '21:00', 'load_limit': 2000}]",Watts,,0,ETB,False,,,,kWh,0477ce16-70c7-43b5-ace0-aa2453116b2e
122,,,auto,0f0cc57f-8a31-4f5e-bbbd-ecf7c5f79201,,,39bde516-560f-4802-857d-1afe894449c9,SMRSDRF-02-00088058,Basic HH Tariff_Zone 1,flat_rate,,19.0000,ETB,kWh,"[{'start_time': '06:00', 'modifier': '100.0'}, {'start_time': '18:00', 'modifier': '127.0'}]",scheduled,"[{'start_time': '07:00', 'load_limit': 1500}, {'start_time': '21:00', 'load_limit': 2000}]",Watts,,0,ETB,False,,,,kWh,dbb15a6b-a075-4a1c-b579-ab9ca141848a
123,,,auto,439df054-f98d-4132-98cc-d9503b59fe13,,,7cc941bf-1ce6-433f-aa88-e2774bd619e2,SMRSDRF-02-000882EB,Basic HH Tariff_Zone 3,flat_rate,,19.0000,ETB,kWh,"[{'start_time': '06:00', 'modifier': '100.0'}, {'start_time': '18:00', 'modifier': '127.0'}]",scheduled,"[{'start_time': '07:00', 'load_limit': 1500}, {'start_time': '21:00', 'load_limit': 2000}]",Watts,,0,ETB,False,,,,kWh,d35427d4-0802-420f-93df-d44d2540d468
124,,,auto,77555148-67e8-4e04-85af-6741e6b0754d,,,fc922cc4-2504-4a78-a3a8-04bfd63b54a8,SMRSDRF-02-000882E3,Basic HH Tariff_Zone 2,flat_rate,,19.0000,ETB,kWh,"[{'start_time': '06:00', 'modifier': '100.0'}, {'start_time': '18:00', 'modifier': '127.0'}]",scheduled,"[{'start_time': '07:00', 'load_limit': 1500}, {'start_time': '21:00', 'load_limit': 2000}]",Watts,,0,ETB,False,,,,kWh,e1e71c67-d6e5-4796-9d9c-9f4db376d4e1
125,,,auto,439df054-f98d-4132-98cc-d9503b59fe13,,,e615e9e8-ce75-4dc7-8faf-0dd76b0a6bf5,SMRSDRF-02-000882BD,Basic HH Tariff_Zone 3,flat_rate,,19.0000,ETB,kWh,"[{'start_time': '06:00', 'modifier': '100.0'}, {'start_time': '18:00', 'modifier': '127.0'}]",scheduled,"[{'start_time': '07:00', 'load_limit': 1500}, {'start_time': '21:00', 'load_limit': 2000}]",Watts,,0,ETB,False,,,,kWh,37fff034-d869-4584-b607-c220203471e7
126,,,auto,439df054-f98d-4132-98cc-d9503b59fe13,,,9d12a182-f9c7-430d-80e3-09c957247495,SMRSDRF-02-000882E9,Basic HH Tariff_Zone 3,flat_rate,,19.0000,ETB,kWh,"[{'start_time': '06:00', 'modifier': '100.0'}, {'start_time': '18:00', 'modifier': '127.0'}]",scheduled,"[{'start_time': '07:00', 'load_limit': 1500}, {'start_time': '21:00', 'load_limit': 2000}]",Watts,,0,ETB,False,,,,kWh,fe95f8b2-aebe-4cd2-835f-50cbaea45275
127,,,auto,439df054-f98d-4132-98cc-d9503b59fe13,,,3a16a3a8-7ef9-4c86-9b98-dd33c40843a2,SMRSDRF-02-000882EC,Basic HH Tariff_Zone 3,flat_rate,,19.0000,ETB,kWh,"[{'start_time': '06:00', 'modifier': '100.0'}, {'start_time': '18:00', 'modifier': '127.0'}]",scheduled,"[{'start_time': '07:00', 'load_limit': 1500}, {'start_time': '21:00', 'load_limit': 2000}]",Watts,,0,ETB,False,,,,kWh,b83a2b9f-e53c-48bb-a1be-973b010b00b2
128,,,auto,439df054-f98d-4132-98cc-d9503b59fe13,,,722d1537-ceed-44f6-ace5-259008732f8b,SMRSDRF-02-00088227,Basic HH Tariff_Zone 3,flat_rate,,19.0000,ETB,kWh,"[{'start_time': '06:00', 'modifier': '100.0'}, {'start_time': '18:00', 'modifier': '127.0'}]",scheduled,"[{'start_time': '07:00', 'load_limit': 1500}, {'start_time': '21:00', 'load_limit': 2000}]",Watts,,0,ETB,False,,,,kWh,efe25ad7-6c79-4129-9ac9-124cf5558bdd
129,,,off,439df054-f98d-4132-98cc-d9503b59fe13,,,1db9c823-a433-4399-ae15-24422b2aff6c,SMRSDRF-02-000882EE,Basic HH Tariff_Zone 3,flat_rate,,19.0000,ETB,kWh,"[{'start_time': '06:00', 'modifier': '100.0'}, {'start_time': '18:00', 'modifier': '127.0'}]",scheduled,"[{'start_time': '07:00', 'load_limit': 1500}, {'start_time': '21:00', 'load_limit': 2000}]",Watts,,0,ETB,False,,,,kWh,fe59e874-1063-42f9-a793-e86a26944a81
130,,,auto,439df054-f98d-4132-98cc-d9503b59fe13,,,91868093-30a4-4f59-a195-37e5b8caf66e,SMRSDRF-02-000882F7,Basic HH Tariff_Zone 3,flat_rate,,19.0000,ETB,kWh,"[{'start_time': '06:00', 'modifier': '100.0'}, {'start_time': '18:00', 'modifier': '127.0'}]",scheduled,"[{'start_time': '07:00', 'load_limit': 1500}, {'start_time': '21:00', 'load_limit': 2000}]",Watts,,0,ETB,False,,,,kWh,903aa655-2081-40cb-ba0d-f40ec89cdda1
131,,,auto,439df054-f98d-4132-98cc-d9503b59fe13,,,eb8df8ee-2211-4e45-aec8-bb03a4ddb2e3,SMRSDRF-02-000882F8,Basic HH Tariff_Zone 3,flat_rate,,19.0000,ETB,kWh,"[{'start_time': '06:00', 'modifier': '100.0'}, {'start_time': '18:00', 'modifier': '127.0'}]",scheduled,"[{'start_time': '07:00', 'load_limit': 1500}, {'start_time': '21:00', 'load_limit': 2000}]",Watts,,0,ETB,False,,,,kWh,e5f03bdd-ed32-47ea-b8d7-8b6489f59ed5
132,,,auto,439df054-f98d-4132-98cc-d9503b59fe13,,,7aee61c7-6920-4250-aab3-bc554560012d,SMRSDRF-02-000882E6,Basic HH Tariff_Zone 3,flat_rate,,19.0000,ETB,kWh,"[{'start_time': '06:00', 'modifier': '100.0'}, {'start_time': '18:00', 'modifier': '127.0'}]",scheduled,"[{'start_time': '07:00', 'load_limit': 1500}, {'start_time': '21:00', 'load_limit': 2000}]",Watts,,0,ETB,False,,,,kWh,7f90bc5b-2f12-48df-867a-00e83a40a6a5
133,,,auto,77555148-67e8-4e04-85af-6741e6b0754d,,,580c914a-e872-458b-a54e-b3443fca837a,SMRSDRF-02-000881D0,Basic HH Tariff_Zone 2,flat_rate,,19.0000,ETB,kWh,"[{'start_time': '06:00', 'modifier': '100.0'}, {'start_time': '18:00', 'modifier': '127.0'}]",scheduled,"[{'start_time': '07:00', 'load_limit': 1500}, {'start_time': '21:00', 'load_limit': 2000}]",Watts,,0,ETB,False,,,,kWh,3d0fd2fe-4aed-4f3b-9cef-dd82ab0a36d6
134,,,auto,0f0cc57f-8a31-4f5e-bbbd-ecf7c5f79201,,,3b3634ea-c67e-47c1-888c-6600a6822b2a,SMRSDRF-02-000881D8,Basic HH Tariff_Zone 1,flat_rate,,19.0000,ETB,kWh,"[{'start_time': '06:00', 'modifier': '100.0'}, {'start_time': '18:00', 'modifier': '127.0'}]",scheduled,"[{'start_time': '07:00', 'load_limit': 1500}, {'start_time': '21:00', 'load_limit': 2000}]",Watts,,0,ETB,False,,,,kWh,0c14d8cb-5f67-4bb2-bf4d-d1fcd65958d4
135,,,auto,77555148-67e8-4e04-85af-6741e6b0754d,,,05f4bfdb-cf8c-4753-bac5-eb7c5cf050f0,SMRSDRF-02-000881D1,Basic HH Tariff_Zone 2,flat_rate,,19.0000,ETB,kWh,"[{'start_time': '06:00', 'modifier': '100.0'}, {'start_time': '18:00', 'modifier': '127.0'}]",scheduled,"[{'start_time': '07:00', 'load_limit': 1500}, {'start_time': '21:00', 'load_limit': 2000}]",Watts,,0,ETB,False,,,,kWh,4bddcf81-7267-4e5c-a6bc-593da3738054
136,,,auto,0f0cc57f-8a31-4f5e-bbbd-ecf7c5f79201,,,ff82e64c-52f3-4a32-a53d-20d5c2784cb0,SMRSDRF-02-00088245,Basic HH Tariff_Zone 1,flat_rate,,19.0000,ETB,kWh,"[{'start_time': '06:00', 'modifier': '100.0'}, {'start_time': '18:00', 'modifier': '127.0'}]",scheduled,"[{'start_time': '07:00', 'load_limit': 1500}, {'start_time': '21:00', 'load_limit': 2000}]",Watts,,0,ETB,False,,,,kWh,9715617a-c88b-48bf-a667-8f1d2ad33567
137,,,auto,77555148-67e8-4e04-85af-6741e6b0754d,,,a3f51a7d-c487-423a-8cf9-1ffd1b301cee,SMRSDRF-02-00088159,Basic HH Tariff_Zone 2,flat_rate,,19.0000,ETB,kWh,"[{'start_time': '06:00', 'modifier': '100.0'}, {'start_time': '18:00', 'modifier': '127.0'}]",scheduled,"[{'start_time': '07:00', 'load_limit': 1500}, {'start_time': '21:00', 'load_limit': 2000}]",Watts,,0,ETB,False,,,,kWh,d78b5a54-f9af-47aa-b423-29d48246f790
138,,,auto,77555148-67e8-4e04-85af-6741e6b0754d,,,cf8ee747-8a94-4d58-9804-0634e29872ec,SMRSDRF-02-000881D6,Basic HH Tariff_Zone 2,flat_rate,,19.0000,ETB,kWh,"[{'start_time': '06:00', 'modifier': '100.0'}, {'start_time': '18:00', 'modifier': '127.0'}]",scheduled,"[{'start_time': '07:00', 'load_limit': 1500}, {'start_time': '21:00', 'load_limit': 2000}]",Watts,,0,ETB,False,,,,kWh,fb0836b2-bb4e-4871-863a-a8c6ee2e4adf
139,,,auto,77555148-67e8-4e04-85af-6741e6b0754d,,,eff9c148-60cb-4da3-9502-557e62e5f482,SMRSDRF-02-000881BE,Basic HH Tariff_Zone 2,flat_rate,,19.0000,ETB,kWh,"[{'start_time': '06:00', 'modifier': '100.0'}, {'start_time': '18:00', 'modifier': '127.0'}]",scheduled,"[{'start_time': '07:00', 'load_limit': 1500}, {'start_time': '21:00', 'load_limit': 2000}]",Watts,,0,ETB,False,,,,kWh,46079159-9527-4dc2-962d-eba651b77eea
140,,,auto,77555148-67e8-4e04-85af-6741e6b0754d,,,e3bb8625-20d1-4e48-a3a6-4e6f8e86f493,SMRSDRF-02-000881A7,Basic HH Tariff_Zone 2,flat_rate,,19.0000,ETB,kWh,"[{'start_time': '06:00', 'modifier': '100.0'}, {'start_time': '18:00', 'modifier': '127.0'}]",scheduled,"[{'start_time': '07:00', 'load_limit': 1500}, {'start_time': '21:00', 'load_limit': 2000}]",Watts,,0,ETB,False,,,,kWh,ac604b9b-81f8-400a-a6c6-f4a2ffcd9565
141,,,auto,0f0cc57f-8a31-4f5e-bbbd-ecf7c5f79201,,,830ea4a3-0587-407c-8668-5a08348ee3ef,SMRSDRF-02-00087F63,Basic HH Tariff_Zone 1,flat_rate,,19.0000,ETB,kWh,"[{'start_time': '06:00', 'modifier': '100.0'}, {'start_time': '18:00', 'modifier': '127.0'}]",scheduled,"[{'start_time': '07:00', 'load_limit': 1500}, {'start_time': '21:00', 'load_limit': 2000}]",Watts,,0,ETB,False,,,,kWh,b1f66f32-af6e-4997-bf82-06e677530cd9
142,,,auto,0f0cc57f-8a31-4f5e-bbbd-ecf7c5f79201,,,6c203786-d4b4-4099-b0ac-b8993d9406e8,SMRSDRF-02-00087F71,Basic HH Tariff_Zone 1,flat_rate,,19.0000,ETB,kWh,"[{'start_time': '06:00', 'modifier': '100.0'}, {'start_time': '18:00', 'modifier': '127.0'}]",scheduled,"[{'start_time': '07:00', 'load_limit': 1500}, {'start_time': '21:00', 'load_limit': 2000}]",Watts,,0,ETB,False,,,,kWh,f94f80a8-8950-4472-8874-511b7fc8e95a
143,,,auto,77555148-67e8-4e04-85af-6741e6b0754d,,,db04ecac-cfa7-4b57-9f30-85f36e1db14a,SMRSDRF-02-000881D4,Basic HH Tariff_Zone 2,flat_rate,,19.0000,ETB,kWh,"[{'start_time': '06:00', 'modifier': '100.0'}, {'start_time': '18:00', 'modifier': '127.0'}]",scheduled,"[{'start_time': '07:00', 'load_limit': 1500}, {'start_time': '21:00', 'load_limit': 2000}]",Watts,,0,ETB,False,,,,kWh,3cb45cdb-820f-4ea8-8e69-424c77011be6
144,,,auto,77555148-67e8-4e04-85af-6741e6b0754d,LVZ26,,6315f655-224b-4bd2-a427-b7ce9d0a76ea,SMRSDRF-02-000881D7,Basic HH Tariff_Zone 2,flat_rate,,19.0000,ETB,kWh,"[{'start_time': '06:00', 'modifier': '100.0'}, {'start_time': '18:00', 'modifier': '127.0'}]",scheduled,"[{'start_time': '07:00', 'load_limit': 1500}, {'start_time': '21:00', 'load_limit': 2000}]",Watts,,0,ETB,False,,,,kWh,8f64498a-f360-4ab5-b518-7c2744cd0a23
145,,,auto,77555148-67e8-4e04-85af-6741e6b0754d,LVZ236,,ca8f311c-ff4d-4819-a940-c70b3de20ede,SMRSDRF-02-000881D3,Basic HH Tariff_Zone 2,flat_rate,,19.0000,ETB,kWh,"[{'start_time': '06:00', 'modifier': '100.0'}, {'start_time': '18:00', 'modifier': '127.0'}]",scheduled,"[{'start_time': '07:00', 'load_limit': 1500}, {'start_time': '21:00', 'load_limit': 2000}]",Watts,,0,ETB,False,,,,kWh,fe6d32f2-f313-46f5-b441-7c6e0d29b082
146,,,auto,77555148-67e8-4e04-85af-6741e6b0754d,LVZ250,,11adc556-0d3a-46bd-a797-c807cad4b8d4,SMRSDRF-02-00088153,Basic HH Tariff_Zone 2,flat_rate,,19.0000,ETB,kWh,"[{'start_time': '06:00', 'modifier': '100.0'}, {'start_time': '18:00', 'modifier': '127.0'}]",scheduled,"[{'start_time': '07:00', 'load_limit': 1500}, {'start_time': '21:00', 'load_limit': 2000}]",Watts,,0,ETB,False,,,,kWh,c693a04d-c28f-4ca2-a653-a3e9aa9d16c6
147,,,auto,0f0cc57f-8a31-4f5e-bbbd-ecf7c5f79201,LVZ129,,5dc9bfd2-d892-4103-8703-2cf3a75319b7,SMRSDRF-02-000881C1,Basic HH Tariff_Zone 1,flat_rate,,19.0000,ETB,kWh,"[{'start_time': '06:00', 'modifier': '100.0'}, {'start_time': '18:00', 'modifier': '127.0'}]",scheduled,"[{'start_time': '07:00', 'load_limit': 1500}, {'start_time': '21:00', 'load_limit': 2000}]",Watts,,0,ETB,False,,,,kWh,7e62ead4-2711-47fb-a6e6-1fc0e48a0f06
148,,,auto,0f0cc57f-8a31-4f5e-bbbd-ecf7c5f79201,,,ffee322c-4eb1-4317-a6a3-71adbcaef23f,SMRSDRF-02-0008818E,Basic HH Tariff_Zone 1,flat_rate,,19.0000,ETB,kWh,"[{'start_time': '06:00', 'modifier': '100.0'}, {'start_time': '18:00', 'modifier': '127.0'}]",scheduled,"[{'start_time': '07:00', 'load_limit': 1500}, {'start_time': '21:00', 'load_limit': 2000}]",Watts,,0,ETB,False,,,,kWh,a280454a-915d-47d2-8cae-61d7366c7a82
149,,,auto,439df054-f98d-4132-98cc-d9503b59fe13,,,f0ead696-0aae-4ced-a625-4848a717dff1,SMRSDRF-02-0008816B,Basic HH Tariff_Zone 3,flat_rate,,19.0000,ETB,kWh,"[{'start_time': '06:00', 'modifier': '100.0'}, {'start_time': '18:00', 'modifier': '127.0'}]",scheduled,"[{'start_time': '07:00', 'load_limit': 1500}, {'start_time': '21:00', 'load_limit': 2000}]",Watts,,0,ETB,False,,,,kWh,c789c982-dade-4e4f-ae0d-69052d10d098
150,,,auto,77555148-67e8-4e04-85af-6741e6b0754d,LVZ287,,a037dc05-f011-429f-8f79-f0e6e3d8b91d,SMRSDRF-02-00088166,Basic HH Tariff_Zone 2,flat_rate,,19.0000,ETB,kWh,"[{'start_time': '06:00', 'modifier': '100.0'}, {'start_time': '18:00', 'modifier': '127.0'}]",scheduled,"[{'start_time': '07:00', 'load_limit': 1500}, {'start_time': '21:00', 'load_limit': 2000}]",Watts,,0,ETB,False,,,,kWh,6b25321c-08fa-4a98-bcb6-9f6507009396
151,,,auto,0f0cc57f-8a31-4f5e-bbbd-ecf7c5f79201,,,a3d3f6b0-ea86-4694-be7b-aa3a77fc643c,SMRSDRF-02-00088134,Basic HH Tariff_Zone 1,flat_rate,,19.0000,ETB,kWh,"[{'start_time': '06:00', 'modifier': '100.0'}, {'start_time': '18:00', 'modifier': '127.0'}]",scheduled,"[{'start_time': '07:00', 'load_limit': 1500}, {'start_time': '21:00', 'load_limit': 2000}]",Watts,,0,ETB,False,,,,kWh,c174f538-f660-46c2-9da9-3967fd3852da
152,,,auto,0f0cc57f-8a31-4f5e-bbbd-ecf7c5f79201,,,d855e0d9-a57b-41c2-a513-7be7537902b0,SMRSDRF-02-00088173,Basic HH Tariff_Zone 1,flat_rate,,19.0000,ETB,kWh,"[{'start_time': '06:00', 'modifier': '100.0'}, {'start_time': '18:00', 'modifier': '127.0'}]",scheduled,"[{'start_time': '07:00', 'load_limit': 1500}, {'start_time': '21:00', 'load_limit': 2000}]",Watts,,0,ETB,False,,,,kWh,37c85d98-9064-4963-9143-32b2f2c15cf5
153,,,auto,0f0cc57f-8a31-4f5e-bbbd-ecf7c5f79201,,,2313fd61-1982-4488-9f33-0437768c3ae0,SMRSDRF-02-00088177,Basic HH Tariff_Zone 1,flat_rate,,19.0000,ETB,kWh,"[{'start_time': '06:00', 'modifier': '100.0'}, {'start_time': '18:00', 'modifier': '127.0'}]",scheduled,"[{'start_time': '07:00', 'load_limit': 1500}, {'start_time': '21:00', 'load_limit': 2000}]",Watts,,0,ETB,False,,,,kWh,bbd89e6b-09a1-47e2-be45-57decc0eb01e
154,,,auto,0f0cc57f-8a31-4f5e-bbbd-ecf7c5f79201,,,a0812031-8cad-42f8-b347-c544aa092321,SMRSDRF-02-0008816E,Basic HH Tariff_Zone 1,flat_rate,,19.0000,ETB,kWh,"[{'start_time': '06:00', 'modifier': '100.0'}, {'start_time': '18:00', 'modifier': '127.0'}]",scheduled,"[{'start_time': '07:00', 'load_limit': 1500}, {'start_time': '21:00', 'load_limit': 2000}]",Watts,,0,ETB,False,,,,kWh,8bb52c30-ab0d-44e5-a3aa-a62d5bc4613b
155,,,auto,0f0cc57f-8a31-4f5e-bbbd-ecf7c5f79201,LVZ177,,a33219d3-5e51-4ce9-8f59-63c2d36a3475,SMRSDRF-02-0008816A,Basic HH Tariff_Zone 1,flat_rate,,19.0000,ETB,kWh,"[{'start_time': '06:00', 'modifier': '100.0'}, {'start_time': '18:00', 'modifier': '127.0'}]",scheduled,"[{'start_time': '07:00', 'load_limit': 1500}, {'start_time': '21:00', 'load_limit': 2000}]",Watts,,0,ETB,False,,,,kWh,92722a88-f793-45c9-8d03-a6d5d05aa337
156,,,auto,0f0cc57f-8a31-4f5e-bbbd-ecf7c5f79201,,,0975e5ac-aaca-48cd-b676-3b342f09b148,SMRSDRF-02-0008816F,Basic HH Tariff_Zone 1,flat_rate,,19.0000,ETB,kWh,"[{'start_time': '06:00', 'modifier': '100.0'}, {'start_time': '18:00', 'modifier': '127.0'}]",scheduled,"[{'start_time': '07:00', 'load_limit': 1500}, {'start_time': '21:00', 'load_limit': 2000}]",Watts,,0,ETB,False,,,,kWh,944fd02c-ea25-4add-8785-a36a62bef4c8
157,,,auto,0f0cc57f-8a31-4f5e-bbbd-ecf7c5f79201,,,f56d7489-60d0-438e-b7e9-a31ad3f0e962,SMRSDRF-02-0008813A,Basic HH Tariff_Zone 1,flat_rate,,19.0000,ETB,kWh,"[{'start_time': '06:00', 'modifier': '100.0'}, {'start_time': '18:00', 'modifier': '127.0'}]",scheduled,"[{'start_time': '07:00', 'load_limit': 1500}, {'start_time': '21:00', 'load_limit': 2000}]",Watts,,0,ETB,False,,,,kWh,674240c2-98af-4a69-a585-3bb40b819ec8
158,,,auto,0f0cc57f-8a31-4f5e-bbbd-ecf7c5f79201,,,53a0af5a-21ec-49ec-81c1-9ecf5630118e,SMRSDRF-02-0008824F,Basic HH Tariff_Zone 1,flat_rate,,19.0000,ETB,kWh,"[{'start_time': '06:00', 'modifier': '100.0'}, {'start_time': '18:00', 'modifier': '127.0'}]",scheduled,"[{'start_time': '07:00', 'load_limit': 1500}, {'start_time': '21:00', 'load_limit': 2000}]",Watts,,0,ETB,False,,,,kWh,63e88da8-6c6b-4213-b13d-e659d27cec05
159,,,auto,0f0cc57f-8a31-4f5e-bbbd-ecf7c5f79201,LVZ142,,9d23ac42-82a5-4050-b987-8698af20fb3d,SMRSDRF-02-00088158,Basic HH Tariff_Zone 1,flat_rate,,19.0000,ETB,kWh,"[{'start_time': '06:00', 'modifier': '100.0'}, {'start_time': '18:00', 'modifier': '127.0'}]",scheduled,"[{'start_time': '07:00', 'load_limit': 1500}, {'start_time': '21:00', 'load_limit': 2000}]",Watts,,0,ETB,False,,,,kWh,6e11498d-e26a-4ce0-bf65-3b0e881a027f
160,,,auto,0f0cc57f-8a31-4f5e-bbbd-ecf7c5f79201,,,8c602016-84af-4d13-af1e-7bfc2d6a9f29,SMRSDRF-02-00088234,Basic HH Tariff_Zone 1,flat_rate,,19.0000,ETB,kWh,"[{'start_time': '06:00', 'modifier': '100.0'}, {'start_time': '18:00', 'modifier': '127.0'}]",scheduled,"[{'start_time': '07:00', 'load_limit': 1500}, {'start_time': '21:00', 'load_limit': 2000}]",Watts,,0,ETB,False,,,,kWh,2d385a80-f8ab-4424-ad32-47c2114e364e
161,,,auto,0f0cc57f-8a31-4f5e-bbbd-ecf7c5f79201,LVZ18,,e9920e6d-b5e9-4c39-af06-14c78b3285cd,SMRSDRF-02-0008816C,Basic HH Tariff_Zone 1,flat_rate,,19.0000,ETB,kWh,"[{'start_time': '06:00', 'modifier': '100.0'}, {'start_time': '18:00', 'modifier': '127.0'}]",scheduled,"[{'start_time': '07:00', 'load_limit': 1500}, {'start_time': '21:00', 'load_limit': 2000}]",Watts,,0,ETB,False,,,,kWh,cae69c67-47ad-4abe-a729-74d0a39d1a84
162,,,auto,7aeac886-a392-47f4-984e-74329b4b7ea6,,,bf4fdddb-eda6-431b-8a41-befbab8cf903,SMRPIRF-02-00088EBE,PUE HUB_Millers,flat_rate,,19.0000,ETB,kWh,"[{'start_time': '06:00', 'modifier': '100.0'}, {'start_time': '18:00', 'modifier': '127.0'}]",flat,20000,Watts,,0,ETB,False,,,,kWh,78816815-2f53-489b-8839-c5f7779309ff
163,,,off,7aeac886-a392-47f4-984e-74329b4b7ea6,,,55e8568b-3acb-4af0-bee2-9935c3e85128,SMRPIRF-02-00088ECC,PUE HUB_Millers,flat_rate,,19.0000,ETB,kWh,"[{'start_time': '06:00', 'modifier': '100.0'}, {'start_time': '18:00', 'modifier': '127.0'}]",flat,20000,Watts,,0,ETB,False,,,,kWh,2a0c35fd-eda0-4688-8ae8-3db4217de48a
164,,,auto,7aeac886-a392-47f4-984e-74329b4b7ea6,,,88f23ae5-76c4-4f66-8d0a-84756e6d70a7,SMRPIRF-02-00088ED3,PUE HUB_Millers,flat_rate,,19.0000,ETB,kWh,"[{'start_time': '06:00', 'modifier': '100.0'}, {'start_time': '18:00', 'modifier': '127.0'}]",flat,20000,Watts,,0,ETB,False,,,,kWh,7aed51d2-ace2-4d03-b6ff-1e7612341f39
165,,,off,7aeac886-a392-47f4-984e-74329b4b7ea6,,,e8c85ef3-bef8-4a76-acc0-d3500a728103,SMRPIRF-02-00088EC0,PUE HUB_Millers,flat_rate,,19.0000,ETB,kWh,"[{'start_time': '06:00', 'modifier': '100.0'}, {'start_time': '18:00', 'modifier': '127.0'}]",flat,20000,Watts,,0,ETB,False,,,,kWh,52b31144-3df1-44aa-b350-26986577fbbb
166,,,off,7aeac886-a392-47f4-984e-74329b4b7ea6,,,a0b00183-a4bc-417c-b9f0-363e0a21ef3e,SMRPIRF-02-00088ECD,PUE HUB_Millers,flat_rate,,19.0000,ETB,kWh,"[{'start_time': '06:00', 'modifier': '100.0'}, {'start_time': '18:00', 'modifier': '127.0'}]",flat,20000,Watts,,0,ETB,False,,,,kWh,81a1ab4d-4f57-4742-b949-d4bff57e0e01
167,,,off,7aeac886-a392-47f4-984e-74329b4b7ea6,,,241d22e7-51fa-4d6c-ae21-8f456c0161fb,SMRPIRF-02-00088ECB,PUE HUB_Millers,flat_rate,,19.0000,ETB,kWh,"[{'start_time': '06:00', 'modifier': '100.0'}, {'start_time': '18:00', 'modifier': '127.0'}]",flat,20000,Watts,,0,ETB,False,,,,kWh,58111d35-7ee3-439d-964f-9745d5371f77
168,,,auto,7aeac886-a392-47f4-984e-74329b4b7ea6,,,67d7a534-46c6-45df-89e6-c2e98b3e4600,SMRPIRF-02-00088EC3,PUE HUB_Millers,flat_rate,,19.0000,ETB,kWh,"[{'start_time': '06:00', 'modifier': '100.0'}, {'start_time': '18:00', 'modifier': '127.0'}]",flat,20000,Watts,,0,ETB,False,,,,kWh,8d22624f-b090-4e50-b17c-18d47be742dd
169,Sheder PUE HUB,,auto,c835e0ae-32c6-4c3e-aa16-cba3fecff868,,,43d1cd2a-5235-43c6-8644-ed612828800e,SMRSDRF-02-0008815B,PUE HUB_Shops,flat_rate,,19.0000,ETB,kWh,"[{'start_time': '06:00', 'modifier': '100.0'}, {'start_time': '18:00', 'modifier': '127.0'}]",flat,5000,Watts,,0,ETB,False,,,,kWh,5d3385a7-d969-4176-8c85-7d472bda9bd0
170,Sheder PUE HUB,,auto,c835e0ae-32c6-4c3e-aa16-cba3fecff868,,,3806a6f1-d167-45ef-8ee3-b0b073d255bc,SMRSDRF-02-0008820C,PUE HUB_Shops,flat_rate,,19.0000,ETB,kWh,"[{'start_time': '06:00', 'modifier': '100.0'}, {'start_time': '18:00', 'modifier': '127.0'}]",flat,5000,Watts,,0,ETB,False,,,,kWh,8e4e694f-65cc-4019-a50e-61711b388e47
171,,,auto,c835e0ae-32c6-4c3e-aa16-cba3fecff868,,,8f85e09e-cd3f-4377-82cd-f0dc47224e2a,SMRSDRF-02-0008821C,PUE HUB_Shops,flat_rate,,19.0000,ETB,kWh,"[{'start_time': '06:00', 'modifier': '100.0'}, {'start_time': '18:00', 'modifier': '127.0'}]",flat,5000,Watts,,0,ETB,False,,,,kWh,13126505-89c0-4612-8bd1-263e5acd61d2
172,,,auto,c835e0ae-32c6-4c3e-aa16-cba3fecff868,,,61b3d5ae-80f8-4cdf-a85f-fe9ae11ca784,SMRSDRF-02-00088220,PUE HUB_Shops,flat_rate,,19.0000,ETB,kWh,"[{'start_time': '06:00', 'modifier': '100.0'}, {'start_time': '18:00', 'modifier': '127.0'}]",flat,5000,Watts,,0,ETB,False,,,,kWh,51476d05-4afb-4df6-8195-164d703fcb06
173,Sheder PUE HUB,,auto,c835e0ae-32c6-4c3e-aa16-cba3fecff868,,,7ba2eac2-259c-4547-8e95-561afcf157b8,SMRSDRF-02-0008821F,PUE HUB_Shops,flat_rate,,19.0000,ETB,kWh,"[{'start_time': '06:00', 'modifier': '100.0'}, {'start_time': '18:00', 'modifier': '127.0'}]",flat,5000,Watts,,0,ETB,False,,,,kWh,9dd3fdf6-d34b-45e3-beed-a7d544da61c4
174,Sheder PUE HUB,,auto,c835e0ae-32c6-4c3e-aa16-cba3fecff868,,,99aa1a4d-288b-4971-a9dc-2eb42d58f665,SMRSDRF-02-00088154,PUE HUB_Shops,flat_rate,,19.0000,ETB,kWh,"[{'start_time': '06:00', 'modifier': '100.0'}, {'start_time': '18:00', 'modifier': '127.0'}]",flat,5000,Watts,,0,ETB,False,,,,kWh,94b25415-9963-4132-818b-2c904b210b9e
175,,,auto,c835e0ae-32c6-4c3e-aa16-cba3fecff868,,,6149a91d-4393-4f8a-aed3-863140262abb,SMRSDRF-02-00088172,PUE HUB_Shops,flat_rate,,19.0000,ETB,kWh,"[{'start_time': '06:00', 'modifier': '100.0'}, {'start_time': '18:00', 'modifier': '127.0'}]",flat,5000,Watts,,0,ETB,False,,,,kWh,76af5159-cb2f-4791-b1e4-a026425101df
176,,,auto,c835e0ae-32c6-4c3e-aa16-cba3fecff868,,,2bc5f89e-24f7-4113-bfd6-8668a32e29ca,SMRSDRF-02-00088168,PUE HUB_Shops,flat_rate,,19.0000,ETB,kWh,"[{'start_time': '06:00', 'modifier': '100.0'}, {'start_time': '18:00', 'modifier': '127.0'}]",flat,5000,Watts,,0,ETB,False,,,,kWh,997b128c-4078-457d-9a6e-d286c9ace4bb
177,'Sheder PUE HUB,,auto,c835e0ae-32c6-4c3e-aa16-cba3fecff868,,,359de293-056b-46dd-a185-5760f44bed5e,SMRSDRF-02-00088212,PUE HUB_Shops,flat_rate,,19.0000,ETB,kWh,"[{'start_time': '06:00', 'modifier': '100.0'}, {'start_time': '18:00', 'modifier': '127.0'}]",flat,5000,Watts,,0,ETB,False,,,,kWh,ba865f95-b2a5-4736-b83b-d0be27b7e5ba
178,,,on,6f270469-d4ee-48af-9205-c14319b7e46e,,,2718cbdc-72c2-4f99-8390-bb6e6950874c,SMRSDRF-02-00088246,Sheder Street Light,flat_rate,,19.0000,ETB,kWh,"[{'start_time': '06:00', 'modifier': '100.0'}, {'start_time': '18:00', 'modifier': '127.0'}]",scheduled,"[{'start_time': '06:00', 'load_limit': 0}, {'start_time': '18:00', 'load_limit': 1300}]",Watts,,0,ETB,False,,,,kWh,d2af3bce-0a25-485b-aa32-57b2353837bb
179,,,auto,77555148-67e8-4e04-85af-6741e6b0754d,LVZ144,,028ff25e-c577-4835-a70a-9e6d886c9a10,SMRSDRF-02-00088232,Basic HH Tariff_Zone 2,flat_rate,,19.0000,ETB,kWh,"[{'start_time': '06:00', 'modifier': '100.0'}, {'start_time': '18:00', 'modifier': '127.0'}]",scheduled,"[{'start_time': '07:00', 'load_limit': 1500}, {'start_time': '21:00', 'load_limit': 2000}]",Watts,,0,ETB,False,,,,kWh,df43b476-75d1-4320-8c0e-b96846769a31
180,,,auto,0f0cc57f-8a31-4f5e-bbbd-ecf7c5f79201,LVZ147,,1788a593-8784-4d80-bfa6-03b52e8f91b5,SMRSDRF-02-00087F73,Basic HH Tariff_Zone 1,flat_rate,,19.0000,ETB,kWh,"[{'start_time': '06:00', 'modifier': '100.0'}, {'start_time': '18:00', 'modifier': '127.0'}]",scheduled,"[{'start_time': '07:00', 'load_limit': 1500}, {'start_time': '21:00', 'load_limit': 2000}]",Watts,,0,ETB,False,,,,kWh,3c863c3b-a459-48eb-9330-18352c34e9a1
181,,,auto,77555148-67e8-4e04-85af-6741e6b0754d,,,9c9e5bba-9293-45e4-9917-dff742193501,SMRSDRF-02-00088228,Basic HH Tariff_Zone 2,flat_rate,,19.0000,ETB,kWh,"[{'start_time': '06:00', 'modifier': '100.0'}, {'start_time': '18:00', 'modifier': '127.0'}]",scheduled,"[{'start_time': '07:00', 'load_limit': 1500}, {'start_time': '21:00', 'load_limit': 2000}]",Watts,,0,ETB,False,,,,kWh,4629c459-1640-4448-9c31-a9d38e206422
182,,,auto,77555148-67e8-4e04-85af-6741e6b0754d,,,e00cac91-d56b-47d6-bd45-5284c5bbe1ae,SMRSDRF-02-00088230,Basic HH Tariff_Zone 2,flat_rate,,19.0000,ETB,kWh,"[{'start_time': '06:00', 'modifier': '100.0'}, {'start_time': '18:00', 'modifier': '127.0'}]",scheduled,"[{'start_time': '07:00', 'load_limit': 1500}, {'start_time': '21:00', 'load_limit': 2000}]",Watts,,0,ETB,False,,,,kWh,c81b06e0-f0b1-49d5-8e28-588b7071cbce
183,,,auto,0f0cc57f-8a31-4f5e-bbbd-ecf7c5f79201,,,a1e8eaef-93df-49f7-bdb8-8997183fe036,SMRSDRF-02-000882CA,Basic HH Tariff_Zone 1,flat_rate,,19.0000,ETB,kWh,"[{'start_time': '06:00', 'modifier': '100.0'}, {'start_time': '18:00', 'modifier': '127.0'}]",scheduled,"[{'start_time': '07:00', 'load_limit': 1500}, {'start_time': '21:00', 'load_limit': 2000}]",Watts,,0,ETB,False,,,,kWh,99af40de-d8c7-4a38-9bb9-7cab06ed68c8
184,,,auto,0f0cc57f-8a31-4f5e-bbbd-ecf7c5f79201,,,c860f1fc-4b05-453e-8069-daf3dcc4c9f0,SMRSDRF-02-00088233,Basic HH Tariff_Zone 1,flat_rate,,19.0000,ETB,kWh,"[{'start_time': '06:00', 'modifier': '100.0'}, {'start_time': '18:00', 'modifier': '127.0'}]",scheduled,"[{'start_time': '07:00', 'load_limit': 1500}, {'start_time': '21:00', 'load_limit': 2000}]",Watts,,0,ETB,False,,,,kWh,c523944e-fd31-4fd1-a66a-ab6593ddb03d
185,,,auto,0f0cc57f-8a31-4f5e-bbbd-ecf7c5f79201,,,63e4245e-5702-4f44-85b3-e803e029a90b,SMRSDRF-02-00088213,Basic HH Tariff_Zone 1,flat_rate,,19.0000,ETB,kWh,"[{'start_time': '06:00', 'modifier': '100.0'}, {'start_time': '18:00', 'modifier': '127.0'}]",scheduled,"[{'start_time': '07:00', 'load_limit': 1500}, {'start_time': '21:00', 'load_limit': 2000}]",Watts,,0,ETB,False,,,,kWh,5fb36148-211e-4ae8-a1b7-1f65c6f6d711
186,,,auto,0f0cc57f-8a31-4f5e-bbbd-ecf7c5f79201,,,7ba403b4-22a9-464b-9ff0-81c91ba73eb2,SMRSDRF-02-00088231,Basic HH Tariff_Zone 1,flat_rate,,19.0000,ETB,kWh,"[{'start_time': '06:00', 'modifier': '100.0'}, {'start_time': '18:00', 'modifier': '127.0'}]",scheduled,"[{'start_time': '07:00', 'load_limit': 1500}, {'start_time': '21:00', 'load_limit': 2000}]",Watts,,0,ETB,False,,,,kWh,d92116b4-3e2b-4d9a-8d74-72b9bc7815a6
187,,,auto,0f0cc57f-8a31-4f5e-bbbd-ecf7c5f79201,LVZ183,,5934cf84-a3d9-4a9a-b9b7-b5fac303efc5,SMRSDRF-02-00088226,Basic HH Tariff_Zone 1,flat_rate,,19.0000,ETB,kWh,"[{'start_time': '06:00', 'modifier': '100.0'}, {'start_time': '18:00', 'modifier': '127.0'}]",scheduled,"[{'start_time': '07:00', 'load_limit': 1500}, {'start_time': '21:00', 'load_limit': 2000}]",Watts,,0,ETB,False,,,,kWh,e0a84c4c-0d06-4a71-8f0c-3ab2eb101c62
188,,,auto,0f0cc57f-8a31-4f5e-bbbd-ecf7c5f79201,LVZ112,,b036a674-c52b-4507-b1dd-b3f97448d5a0,SMRSDRF-02-00088235,Basic HH Tariff_Zone 1,flat_rate,,19.0000,ETB,kWh,"[{'start_time': '06:00', 'modifier': '100.0'}, {'start_time': '18:00', 'modifier': '127.0'}]",scheduled,"[{'start_time': '07:00', 'load_limit': 1500}, {'start_time': '21:00', 'load_limit': 2000}]",Watts,,0,ETB,False,,,,kWh,75a4537e-0ebb-464a-8029-b70803bff163
189,,,auto,439df054-f98d-4132-98cc-d9503b59fe13,,,0a712921-cceb-4c7e-bde8-f14cda4c1410,SMRSDRF-02-00088222,Basic HH Tariff_Zone 3,flat_rate,,19.0000,ETB,kWh,"[{'start_time': '06:00', 'modifier': '100.0'}, {'start_time': '18:00', 'modifier': '127.0'}]",scheduled,"[{'start_time': '07:00', 'load_limit': 1500}, {'start_time': '21:00', 'load_limit': 2000}]",Watts,,0,ETB,False,,,,kWh,0f02e5ab-9363-482a-aac4-40bef0993c0e
190,,,auto,0f0cc57f-8a31-4f5e-bbbd-ecf7c5f79201,LVZ134,,0d00c507-9c28-4a3e-9c74-fd1094c7f01e,SMRSDRF-02-00088237,Basic HH Tariff_Zone 1,flat_rate,,19.0000,ETB,kWh,"[{'start_time': '06:00', 'modifier': '100.0'}, {'start_time': '18:00', 'modifier': '127.0'}]",scheduled,"[{'start_time': '07:00', 'load_limit': 1500}, {'start_time': '21:00', 'load_limit': 2000}]",Watts,,0,ETB,False,,,,kWh,e2c50d5b-75d0-4653-bd1a-6d46d92ac8b3
191,,,auto,0f0cc57f-8a31-4f5e-bbbd-ecf7c5f79201,LVZ187,,0704f946-f8da-47d1-98ff-69b387c68be5,SMRSDRF-02-00088198,Basic HH Tariff_Zone 1,flat_rate,,19.0000,ETB,kWh,"[{'start_time': '06:00', 'modifier': '100.0'}, {'start_time': '18:00', 'modifier': '127.0'}]",scheduled,"[{'start_time': '07:00', 'load_limit': 1500}, {'start_time': '21:00', 'load_limit': 2000}]",Watts,,0,ETB,False,,,,kWh,fbc05545-bb09-4ba0-a761-bb14f226ba51
192,,,auto,77555148-67e8-4e04-85af-6741e6b0754d,LVZ213,,a831ec09-1053-4d8c-90e3-f63194606b86,SMRSDRF-02-0008822F,Basic HH Tariff_Zone 2,flat_rate,,19.0000,ETB,kWh,"[{'start_time': '06:00', 'modifier': '100.0'}, {'start_time': '18:00', 'modifier': '127.0'}]",scheduled,"[{'start_time': '07:00', 'load_limit': 1500}, {'start_time': '21:00', 'load_limit': 2000}]",Watts,,0,ETB,False,,,,kWh,683954ca-a5bb-4cec-99af-13ddeb1625db
193,,,auto,77555148-67e8-4e04-85af-6741e6b0754d,,,806f03e5-234b-429b-9a15-de5e904cb5a7,SMRSDRF-02-0008822C,Basic HH Tariff_Zone 2,flat_rate,,19.0000,ETB,kWh,"[{'start_time': '06:00', 'modifier': '100.0'}, {'start_time': '18:00', 'modifier': '127.0'}]",scheduled,"[{'start_time': '07:00', 'load_limit': 1500}, {'start_time': '21:00', 'load_limit': 2000}]",Watts,,0,ETB,False,,,,kWh,537939c7-b223-496f-960f-bb264c027815
194,,,auto,77555148-67e8-4e04-85af-6741e6b0754d,,,27792a9e-2134-4a51-b6bd-00ba6e0a7156,SMRSDRF-02-0008824A,Basic HH Tariff_Zone 2,flat_rate,,19.0000,ETB,kWh,"[{'start_time': '06:00', 'modifier': '100.0'}, {'start_time': '18:00', 'modifier': '127.0'}]",scheduled,"[{'start_time': '07:00', 'load_limit': 1500}, {'start_time': '21:00', 'load_limit': 2000}]",Watts,,0,ETB,False,,,,kWh,bc929653-1e3e-446e-b46e-3c0793bfecc9
195,,,auto,439df054-f98d-4132-98cc-d9503b59fe13,LVZ376,,deccd786-5b27-47f4-9834-267537559727,SMRSDRF-02-0008820B,Basic HH Tariff_Zone 3,flat_rate,,19.0000,ETB,kWh,"[{'start_time': '06:00', 'modifier': '100.0'}, {'start_time': '18:00', 'modifier': '127.0'}]",scheduled,"[{'start_time': '07:00', 'load_limit': 1500}, {'start_time': '21:00', 'load_limit': 2000}]",Watts,,0,ETB,False,,,,kWh,a7599c32-6ef9-4ee8-b07b-b4e32fd4aa87
196,,,auto,77555148-67e8-4e04-85af-6741e6b0754d,LVZ29,,f031695c-2aa7-4e9e-8721-db2365192d4f,SMRSDRF-02-000883D1,Basic HH Tariff_Zone 2,flat_rate,,19.0000,ETB,kWh,"[{'start_time': '06:00', 'modifier': '100.0'}, {'start_time': '18:00', 'modifier': '127.0'}]",scheduled,"[{'start_time': '07:00', 'load_limit': 1500}, {'start_time': '21:00', 'load_limit': 2000}]",Watts,,0,ETB,False,,,,kWh,d79f5685-35fe-45c4-b0af-43774c68b100
197,,,auto,439df054-f98d-4132-98cc-d9503b59fe13,LVZ349,,13920ca1-062a-4ce6-b7ef-a614890c2ddf,SMRSDRF-02-000883D6,Basic HH Tariff_Zone 3,flat_rate,,19.0000,ETB,kWh,"[{'start_time': '06:00', 'modifier': '100.0'}, {'start_time': '18:00', 'modifier': '127.0'}]",scheduled,"[{'start_time': '07:00', 'load_limit': 1500}, {'start_time': '21:00', 'load_limit': 2000}]",Watts,,0,ETB,False,,,,kWh,72777ff2-9783-4fc9-b73c-f86e6bd2b85a
